Column Name0,1,2,3,4,5
iOmicsno,"-1.0-->-0.5","-0.5-->0.0","0.0-->-0.5","-0.5-->-1"
Gender,"1.0-->1.3141852841662651","1.3141852841662651-->1.6283705683325302","1.6283705683325302-->1.8141852841662651","1.8141852841662651-->2.0"
Eth_Derived,"1.0-->1.4982152329971343","1.4982152329971343-->1.9964304659942687","1.9964304659942687-->2.4982152329971345","2.4982152329971345-->3.0"
StationI_Measurement_Height-Result,"142.8-->151.59559274050847","151.59559274050847-->160.39118548101692","160.39118548101692-->171.24559274050847","171.24559274050847-->182.1"
StationI_Measurement_Weight-Result,"39.3-->52.57198362840267","52.57198362840267-->65.84396725680534","65.84396725680534-->88.32198362840268","88.32198362840268-->110.8"
BMI,"15.05-->20.303470770559805","20.303470770559805-->25.556941541119613","25.556941541119613-->32.65347077055981","32.65347077055981-->39.75"
StationI_Measurement_Waist-Result,"58.5-->71.0374959707708","71.0374959707708-->83.57499194154161","83.57499194154161-->103.48749597077081","103.48749597077081-->123.4"
StationI_Measurement_HipCir-Result,"67.8-->83.17739570897818","83.17739570897818-->98.55479141795637","98.55479141795637-->116.6773957089782","116.6773957089782-->134.8"
BloodPressure_SysDia-Systolic,"82.33-->103.85185842127379","103.85185842127379-->125.37371684254758","125.37371684254758-->217.3518584212738","217.3518584212738-->309.33"
BloodPressure_SysDia-Diastolic,"51.5-->65.45103052849515","65.45103052849515-->79.40206105699029","79.40206105699029-->176.36603052849512","176.36603052849512-->273.33"
StationIII_Q1-R5,"4.0-->4.497166670718358","4.497166670718358-->4.994333341436716","4.994333341436716-->4.997166670718358","4.997166670718358-->5.0"
StationIII_Q1-L5,"4.0-->4.495755191554198","4.495755191554198-->4.9915103831083965","4.9915103831083965-->4.995755191554198","4.995755191554198-->5.0"
StationIII_Q2-ApexR,"2.5-->4.105346221556682","4.105346221556682-->5.7106924431133645","5.7106924431133645-->13.605346221556683","13.605346221556683-->21.5"
StationIII_Q2-ApexL,"2.5-->4.202070040577729","4.202070040577729-->5.9041400811554565","5.9041400811554565-->13.952070040577727","13.952070040577727-->22.0"
StationIII_Q2-MedR,"3.0-->5.342477516259575","5.342477516259575-->7.6849550325191505","7.6849550325191505-->15.342477516259574","15.342477516259574-->23.0"
StationIII_Q2-MedL,"2.5-->4.883227424011515","4.883227424011515-->7.26645484802303","7.26645484802303-->15.133227424011515","15.133227424011515-->23.0"
StationIII_Q3-BP,"90.0-->105.88438543379678","105.88438543379678-->121.76877086759356","121.76877086759356-->161.38438543379678","161.38438543379678-->201.0"
StationIII_Q4-R,"90.0-->109.10077211370367","109.10077211370367-->128.20154422740734","128.20154422740734-->168.10077211370367","168.10077211370367-->208.0"
StationIII_Q4-L,"94.0-->111.9950365104431","111.9950365104431-->129.9900730208862","129.9900730208862-->171.4950365104431","171.4950365104431-->213.0"
StationV_Bicep,"3.53-->7.618130562057621","7.618130562057621-->11.706261124115242","11.706261124115242-->20.88813056205762","20.88813056205762-->30.07"
StationV_Tricep,"5.33-->12.180103594337364","12.180103594337364-->19.030207188674726","19.030207188674726-->28.450103594337364","28.450103594337364-->37.87"
StationV_SubScapula,"8.53-->15.700246972936501","15.700246972936501-->22.870493945873","22.870493945873-->31.1002469729365","31.1002469729365-->39.33"
StationV_SupraIliac,"7.2-->15.71350779101261","15.71350779101261-->24.227015582025217","24.227015582025217-->30.813507791012608","30.813507791012608-->37.4"
StationV_ParaUmbilicus,"6.4-->16.444594478754965","16.444594478754965-->26.489188957509928","26.489188957509928-->32.679594478754964","32.679594478754964-->38.87"
StationV_Thigh,"6.13-->15.535317031933836","15.535317031933836-->24.940634063867673","24.940634063867673-->32.33531703193383","32.33531703193383-->39.73"
StationV_Calf,"4.47-->11.196245557513105","11.196245557513105-->17.922491115026208","17.922491115026208-->28.296245557513103","28.296245557513103-->38.67"
CASPro-CASP,"79.0-->97.00268664280499","97.00268664280499-->115.00537328560998","115.00537328560998-->147.00268664280497","147.00268664280497-->179.0"
CASPro-Sys,"82.0-->102.34134106435849","102.34134106435849-->122.68268212871698","122.68268212871698-->155.3413410643585","155.3413410643585-->188.0"
CASPro-Dia,"51.0-->64.3084738322442","64.3084738322442-->77.61694766448839","77.61694766448839-->97.3084738322442","97.3084738322442-->117.0"
CASPro-MAP,"62.0-->76.40178821855281","76.40178821855281-->90.80357643710563","90.80357643710563-->110.90178821855281","110.90178821855281-->131.0"
CASPro-PR,"44.0-->58.103293847278934","58.103293847278934-->72.20658769455787","72.20658769455787-->93.10329384727893","93.10329384727893-->114.0"
CASPro-rAI,"51.0-->69.23265227973457","69.23265227973457-->87.46530455946912","87.46530455946912-->376.73265227973457","376.73265227973457-->666.0"
CASPro-rAP,"2.0-->1.8896196153774827","1.8896196153774827-->1.7792392307549654","1.7792392307549654-->10.389619615377484","10.389619615377484-->19.0"
CASPro-PRT,"67.0-->83.81435403454786","83.81435403454786-->100.62870806909572","100.62870806909572-->133.81435403454788","133.81435403454788-->167.0"
GLU_1,"3.7-->4.421516953994931","4.421516953994931-->5.143033907989861","5.143033907989861-->6.72151695399493","6.72151695399493-->8.3"
CRE_1,"25.0-->43.82156018498554","43.82156018498554-->62.643120369971086","62.643120369971086-->85.32156018498554","85.32156018498554-->108.0"
CHO_1,"3.55-->4.625975647252339","4.625975647252339-->5.701951294504678","5.701951294504678-->7.475975647252339","7.475975647252339-->9.25"
TG_1,"0.24-->0.7163456972535401","0.7163456972535401-->1.1926913945070803","1.1926913945070803-->3.51634569725354","3.51634569725354-->5.84"
HDL_1,"0.66-->0.997961722628173","0.997961722628173-->1.3359234452563458","1.3359234452563458-->2.067961722628173","2.067961722628173-->2.8"
CHDL_1,"1.99-->3.2583590956648623","3.2583590956648623-->4.526718191329725","4.526718191329725-->6.613359095664862","6.613359095664862-->8.7"
LDLM_1,"1.37-->2.574782684159917","2.574782684159917-->3.7795653683198336","3.7795653683198336-->5.259782684159917","5.259782684159917-->6.74"
HbA1c_1,"4.5-->5.07697123912439","5.07697123912439-->5.653942478248781","5.653942478248781-->7.276971239124391","7.276971239124391-->8.9"
A1_1,"1.0-->1.358655219881776","1.358655219881776-->1.7173104397635521","1.7173104397635521-->1.858655219881776","1.858655219881776-->2.0"
A2_1_500-value,"0.0-->0.8912817488405481","0.8912817488405481-->1.7825634976810962","1.7825634976810962-->75.89128174884054","75.89128174884054-->150.0"
E1_1-weekdaysHrs,"0.5-->2.292311948790792","2.292311948790792-->4.084623897581584","4.084623897581584-->7.5423119487907915","7.5423119487907915-->11.0"
E1_1-weekendsHrs,"0.0-->2.420161939913845","2.420161939913845-->4.84032387982769","4.84032387982769-->6.920161939913845","6.920161939913845-->9.0"
E1_2-weekdaysHrs,"0.0-->4.669227803392489","4.669227803392489-->9.338455606784978","9.338455606784978-->24.669227803392488","24.669227803392488-->40.0"
E1_2-weekendsHrs,"0.0-->2.174944069805642","2.174944069805642-->4.349888139611284","4.349888139611284-->10.174944069805642","10.174944069805642-->16.0"
E1_3,"1.0-->1.6239755986178446","1.6239755986178446-->2.247951197235689","2.247951197235689-->3.123975598617845","3.123975598617845-->4.0"
E1_4_Walking_1-timesPerWeek,"0.0-->0.6027236380001113","0.6027236380001113-->1.2054472760002226","1.2054472760002226-->4.102723638000111","4.102723638000111-->7.0"
E1_4_Walking_2-timesPerWeek,"0.0-->0.035274673541645506","0.035274673541645506-->0.07054934708329101","0.07054934708329101-->2.535274673541646","2.535274673541646-->5.0"
E1_4_Conditioning_9-timesPerWeek,"0.0-->0.5626132954793445","0.5626132954793445-->1.125226590958689","1.125226590958689-->15.562613295479345","15.562613295479345-->30.0"
E1_4_Conditioning_10-timesPerWeek,"0.0-->0.046154278553576455","0.046154278553576455-->0.09230855710715291","0.09230855710715291-->3.5461542785535767","3.5461542785535767-->7.0"
E1_4_Conditioning_11-timesPerWeek,"0.0-->0.17478763185259097","0.17478763185259097-->0.34957526370518194","0.34957526370518194-->3.674787631852591","3.674787631852591-->7.0"
E1_4_Conditioning_12-timesPerWeek,"0.0-->0.08337807543819713","0.08337807543819713-->0.16675615087639425","0.16675615087639425-->3.583378075438197","3.583378075438197-->7.0"
E1_4_Conditioning_13-timesPerWeek,"0.0-->0.0405271959955022","0.0405271959955022-->0.0810543919910044","0.0810543919910044-->3.5405271959955025","3.5405271959955025-->7.0"
E1_4_Conditioning_14-timesPerWeek,"0.0-->0.05128928278847948","0.05128928278847948-->0.10257856557695896","0.10257856557695896-->3.5512892827884794","3.5512892827884794-->7.0"
E1_4_Water_18-timesPerWeek,"0.0-->0.0","0.0-->0.0","0.0-->0.0","0.0-->0.0"
E1_4_Water_19-timesPerWeek,"0.0-->0.0","0.0-->0.0","0.0-->0.0","0.0-->0.0"
E1_4_Water_20-timesPerWeek,"0.0-->0.029647186252216743","0.029647186252216743-->0.059294372504433486","0.059294372504433486-->2.029647186252217","2.029647186252217-->4.0"
E1_4_Water_21-timesPerWeek,"0.0-->0.0013858125827921112","0.0013858125827921112-->0.0027716251655842223","0.0027716251655842223-->0.5013858125827921","0.5013858125827921-->1.0"
E1_4_Sports_24-timesPerWeek,"0.0-->0.00305673367312767","0.00305673367312767-->0.00611346734625534","0.00611346734625534-->0.5030567336731276","0.5030567336731276-->1.0"
E1_4_Sports_26-timesPerWeek,"0.0-->0.00414456642407796","0.00414456642407796-->0.00828913284815592","0.00828913284815592-->1.004144566424078","1.004144566424078-->2.0"
E1_4_Sports_27-timesPerWeek,"0.0-->0.0","0.0-->0.0","0.0-->0.0","0.0-->0.0"
E1_4_Sports_28-timesPerWeek,"0.0-->0.0","0.0-->0.0","0.0-->0.0","0.0-->0.0"
E1_4_Sports_32-timesPerWeek,"0.0-->0.025199801227022405","0.025199801227022405-->0.05039960245404481","0.05039960245404481-->1.5251998012270223","1.5251998012270223-->3.0"
E1_4_Sports_33-timesPerWeek,"0.0-->0.0","0.0-->0.0","0.0-->0.0","0.0-->0.0"
E1_4_Sports_34-timesPerWeek,"0.0-->0.0","0.0-->0.0","0.0-->0.0","0.0-->0.0"
E1_4_Sports_37-timesPerWeek,"0.0-->0.0185380507567898","0.0185380507567898-->0.0370761015135796","0.0370761015135796-->1.0185380507567898","1.0185380507567898-->2.0"
E1_4_Sports_42_2-timesPerWeek,"0.0-->0.0","0.0-->0.0","0.0-->0.0","0.0-->0.0"
E1_4_Sports_42_3-timesPerWeek,"0.0-->0.0013815221413593182","0.0013815221413593182-->0.0027630442827186364","0.0027630442827186364-->0.5013815221413593","0.5013815221413593-->1.0"
E2,"1.0-->1.159666712607907","1.159666712607907-->1.3193334252158138","1.3193334252158138-->1.659666712607907","1.659666712607907-->2.0"
E3_Activity_43-daysPerWeek,"1.0-->1.717115054954649","1.717115054954649-->2.434230109909298","2.434230109909298-->4.717115054954649","4.717115054954649-->7.0"
E3_Activity_44-minsPerDay,"0.0-->0.4613536495742075","0.4613536495742075-->0.922707299148415","0.922707299148415-->7.961353649574208","7.961353649574208-->15.0"
E3_Activity_45-minsPerDay,"0.0-->13.330016765166032","13.330016765166032-->26.660033530332065","26.660033530332065-->73.33001676516602","73.33001676516602-->120.0"
E3_Activity_46-minsPerDay,"0.0-->13.78844524472513","13.78844524472513-->27.57689048945026","27.57689048945026-->103.78844524472514","103.78844524472514-->180.0"
E3_Activity_48-minsPerDay,"0.0-->14.993978143539541","14.993978143539541-->29.987956287079083","29.987956287079083-->104.99397814353955","104.99397814353955-->180.0"
E3_Activity_49-minsPerDay,"0.0-->2.5147400313236195","2.5147400313236195-->5.029480062647239","5.029480062647239-->17.51474003132362","17.51474003132362-->30.0"
E3_Activity_50-minsPerDay,"0.0-->5.281869204346336","5.281869204346336-->10.563738408692672","10.563738408692672-->50.281869204346336","50.281869204346336-->90.0"
E3_Activity_51-minsPerDay,"0.0-->0.28300542460668854","0.28300542460668854-->0.5660108492133771","0.5660108492133771-->30.28300542460669","30.28300542460669-->60.0"
E3_Activity_52-minsPerDay,"0.0-->0.7024662528458774","0.7024662528458774-->1.4049325056917548","1.4049325056917548-->45.70246625284587","45.70246625284587-->90.0"
E3_Yardwork_56-minsPerDay,"0.0-->0.8944974719282939","0.8944974719282939-->1.7889949438565877","1.7889949438565877-->15.894497471928295","15.894497471928295-->30.0"
E3_Yardwork_57-minsPerDay,"0.0-->0.021172187462424663","0.021172187462424663-->0.042344374924849326","0.042344374924849326-->7.521172187462425","7.521172187462425-->15.0"
E3_Yardwork_58-minsPerDay,"0.0-->0.3987515339295674","0.3987515339295674-->0.7975030678591348","0.7975030678591348-->15.398751533929566","15.398751533929566-->30.0"
E3_LookingAfterYoungNOld_59-minsPerDay,"0.0-->0.24841113292333944","0.24841113292333944-->0.4968222658466789","0.4968222658466789-->60.248411132923344","60.248411132923344-->120.0"
E3_LookingAfterYoungNOld_60-minsPerDay,"0.0-->0.195053427482342","0.195053427482342-->0.390106854964684","0.390106854964684-->30.195053427482343","30.195053427482343-->60.0"
E4_1,"1.0-->1.1408473992505646","1.1408473992505646-->1.281694798501129","1.281694798501129-->1.6408473992505646","1.6408473992505646-->2.0"
E4_5,"1.0-->1.4635412603110574","1.4635412603110574-->1.9270825206221147","1.9270825206221147-->1.9635412603110574","1.9635412603110574-->2.0"
PartA_breads_1-numberOfServingsEatenPerMonth,"0.0-->10.160035200248997","10.160035200248997-->20.320070400497993","20.320070400497993-->130.16003520024898","130.16003520024898-->240.0"
PartA_breads_2-numberOfServingsEatenPerMonth,"0.0-->7.465140724644073","7.465140724644073-->14.930281449288145","14.930281449288145-->67.46514072464407","67.46514072464407-->120.0"
PartA_breads_N1-numberOfServingsEatenPerMonth,"0.0-->1.0782073161624974","1.0782073161624974-->2.156414632324995","2.156414632324995-->61.0782073161625","61.0782073161625-->120.0"
PartA_breads_3-numberOfServingsEatenPerMonth,"0.0-->0.6933514633884017","0.6933514633884017-->1.3867029267768034","1.3867029267768034-->60.6933514633884","60.6933514633884-->120.0"
PartA_breadsSpreads_4-numberOfServingsEatenPerMonth,"0.0-->4.900441929080243","4.900441929080243-->9.800883858160486","9.800883858160486-->64.90044192908024","64.90044192908024-->120.0"
PartA_breadsSpreads_5-numberOfServingsEatenPerMonth,"0.0-->1.8406440663774037","1.8406440663774037-->3.6812881327548075","3.6812881327548075-->37.84064406637741","37.84064406637741-->72.0"
PartA_breadsSpreads_6-numberOfServingsEatenPerMonth,"0.0-->2.379718393241855","2.379718393241855-->4.75943678648371","4.75943678648371-->62.37971839324186","62.37971839324186-->120.0"
PartA_breadsSpreads_7-numberOfServingsEatenPerMonth,"0.0-->1.3375940701381106","1.3375940701381106-->2.675188140276221","2.675188140276221-->31.33759407013811","31.33759407013811-->60.0"
PartA_breadsSpreads_8-numberOfServingsEatenPerMonth,"0.0-->2.0347499167811622","2.0347499167811622-->4.0694998335623245","4.0694998335623245-->50.034749916781166","50.034749916781166-->96.0"
PartA_otherBread_9-numberOfServingsEatenPerMonth,"0.0-->0.9910992599992858","0.9910992599992858-->1.9821985199985717","1.9821985199985717-->15.991099259999284","15.991099259999284-->30.0"
PartA_otherBread_N2-numberOfServingsEatenPerMonth,"0.0-->0.5332571609425574","0.5332571609425574-->1.0665143218851147","1.0665143218851147-->12.533257160942558","12.533257160942558-->24.0"
PartA_otherBread_N3-numberOfServingsEatenPerMonth,"0.0-->0.8743637731392643","0.8743637731392643-->1.7487275462785286","1.7487275462785286-->18.87436377313926","18.87436377313926-->36.0"
PartA_otherBread_11-numberOfServingsEatenPerMonth,"0.0-->0.3197714074117812","0.3197714074117812-->0.6395428148235625","0.6395428148235625-->15.31977140741178","15.31977140741178-->30.0"
PartA_otherBread_12-numberOfServingsEatenPerMonth,"0.0-->0.326626278848939","0.326626278848939-->0.653252557697878","0.653252557697878-->20.32662627884894","20.32662627884894-->40.0"
PartA_otherBread_N4-numberOfServingsEatenPerMonth,"0.0-->0.05779595622421331","0.05779595622421331-->0.11559191244842662","0.11559191244842662-->15.057795956224213","15.057795956224213-->30.0"
PartA_Cereals_13-numberOfServingsEatenPerMonth,"0.0-->1.3030328007763388","1.3030328007763388-->2.6060656015526775","2.6060656015526775-->106.30303280077634","106.30303280077634-->210.0"
PartA_Cereals_14-numberOfServingsEatenPerMonth,"0.0-->0.35430920178496844","0.35430920178496844-->0.7086184035699369","0.7086184035699369-->15.354309201784968","15.354309201784968-->30.0"
PartA_Cereals_3001-numberOfServingsEatenPerMonth,"0.0-->2.5019028204621643","2.5019028204621643-->5.003805640924329","5.003805640924329-->107.50190282046216","107.50190282046216-->210.0"
PartA_riceAndPorridge_15-numberOfServingsEatenPerMonth,"0.0-->16.665494163846866","16.665494163846866-->33.33098832769373","33.33098832769373-->121.66549416384687","121.66549416384687-->210.0"
PartA_riceAndPorridge_16-numberOfServingsEatenPerMonth,"0.0-->0.8096381539157743","0.8096381539157743-->1.6192763078315486","1.6192763078315486-->15.809638153915774","15.809638153915774-->30.0"
PartA_flavoredRice_17-numberOfServingsEatenPerMonth,"0.0-->0.7466243802992404","0.7466243802992404-->1.4932487605984808","1.4932487605984808-->12.746624380299242","12.746624380299242-->24.0"
PartA_flavoredRice_18-numberOfServingsEatenPerMonth,"0.0-->0.7719789267626592","0.7719789267626592-->1.5439578535253184","1.5439578535253184-->8.771978926762658","8.771978926762658-->16.0"
PartA_flavoredRice_19-numberOfServingsEatenPerMonth,"0.0-->0.03317763250426343","0.03317763250426343-->0.06635526500852686","0.06635526500852686-->4.033177632504263","4.033177632504263-->8.0"
PartA_flavoredRice_20-numberOfServingsEatenPerMonth,"0.0-->0.3587566811171495","0.3587566811171495-->0.717513362234299","0.717513362234299-->6.358756681117149","6.358756681117149-->12.0"
PartA_flavoredRice_21-numberOfServingsEatenPerMonth,"0.0-->0.45314167533647387","0.45314167533647387-->0.9062833506729477","0.9062833506729477-->6.453141675336474","6.453141675336474-->12.0"
PartA_flavoredRice_22-numberOfServingsEatenPerMonth,"0.0-->0.04712786357105886","0.04712786357105886-->0.09425572714211772","0.09425572714211772-->2.047127863571059","2.047127863571059-->4.0"
PartA_flavoredRice_23-numberOfServingsEatenPerMonth,"0.0-->0.04703144038792205","0.04703144038792205-->0.0940628807758441","0.0940628807758441-->2.5470314403879217","2.5470314403879217-->5.0"
PartA_flavoredRice_24-numberOfServingsEatenPerMonth,"0.0-->0.3759888859044727","0.3759888859044727-->0.7519777718089454","0.7519777718089454-->15.375988885904473","15.375988885904473-->30.0"
PartA_noodle_25-numberOfServingsEatenPerMonth,"0.0-->1.2567633619140035","1.2567633619140035-->2.513526723828007","2.513526723828007-->11.256763361914004","11.256763361914004-->20.0"
PartA_noodle_26-numberOfServingsEatenPerMonth,"0.0-->0.04507902154931387","0.04507902154931387-->0.09015804309862774","0.09015804309862774-->2.0450790215493138","2.0450790215493138-->4.0"
PartA_dryNoodles_27-numberOfServingsEatenPerMonth,"0.0-->1.0276447380253488","1.0276447380253488-->2.0552894760506977","2.0552894760506977-->16.02764473802535","16.02764473802535-->30.0"
PartA_friedNoodles_29-numberOfServingsEatenPerMonth,"0.0-->0.16292499826367987","0.16292499826367987-->0.32584999652735974","0.32584999652735974-->2.16292499826368","2.16292499826368-->4.0"
PartA_friedNoodles_30-numberOfServingsEatenPerMonth,"0.0-->0.3383893709347163","0.3383893709347163-->0.6767787418694327","0.6767787418694327-->6.338389370934717","6.338389370934717-->12.0"
PartA_friedNoodles_31-numberOfServingsEatenPerMonth,"0.0-->0.395737644056889","0.395737644056889-->0.791475288113778","0.791475288113778-->6.395737644056889","6.395737644056889-->12.0"
PartA_friedNoodles_32-numberOfServingsEatenPerMonth,"0.0-->0.8218461867148666","0.8218461867148666-->1.6436923734297333","1.6436923734297333-->6.8218461867148665","6.8218461867148665-->12.0"
PartA_noodlesInGravy_28-numberOfServingsEatenPerMonth,"0.0-->0.3836333260631593","0.3836333260631593-->0.7672666521263186","0.7672666521263186-->4.383633326063159","4.383633326063159-->8.0"
PartA_noodlesInGravy_33-numberOfServingsEatenPerMonth,"0.0-->0.25838667438193186","0.25838667438193186-->0.5167733487638637","0.5167733487638637-->4.258386674381931","4.258386674381931-->8.0"
PartA_noodlesInGravy_34-numberOfServingsEatenPerMonth,"0.0-->0.23652625047756065","0.23652625047756065-->0.4730525009551213","0.4730525009551213-->4.236526250477561","4.236526250477561-->8.0"
PartA_otherNoodles_35-numberOfServingsEatenPerMonth,"0.0-->0.6249078783100047","0.6249078783100047-->1.2498157566200094","1.2498157566200094-->8.624907878310005","8.624907878310005-->16.0"
PartA_otherNoodles_905-numberOfServingsEatenPerMonth,"0.0-->0.05442983032841521","0.05442983032841521-->0.10885966065683042","0.10885966065683042-->4.054429830328416","4.054429830328416-->8.0"
PartA_otherNoodles_906-numberOfServingsEatenPerMonth,"0.0-->0.1803559055614376","0.1803559055614376-->0.3607118111228752","0.3607118111228752-->4.180355905561438","4.180355905561438-->8.0"
PartA_otherNoodles_907-numberOfServingsEatenPerMonth,"0.0-->0.026450103664910785","0.026450103664910785-->0.05290020732982157","0.05290020732982157-->2.026450103664911","2.026450103664911-->4.0"
PartA_Vegetarian_400-numberOfServingsEatenPerMonth,"0.0-->0.45703903141847124","0.45703903141847124-->0.9140780628369425","0.9140780628369425-->15.457039031418471","15.457039031418471-->30.0"
PartA_Vegetarian_401-numberOfServingsEatenPerMonth,"0.0-->0.19133323730103474","0.19133323730103474-->0.3826664746020695","0.3826664746020695-->4.191333237301035","4.191333237301035-->8.0"
PartA_Vegetarian_402-numberOfServingsEatenPerMonth,"0.0-->0.24722891352000373","0.24722891352000373-->0.49445782704000746","0.49445782704000746-->10.247228913520003","10.247228913520003-->20.0"
PartA_soups_600-numberOfServingsEatenPerMonth,"0.0-->0.13766310182655656","0.13766310182655656-->0.2753262036531131","0.2753262036531131-->6.137663101826556","6.137663101826556-->12.0"
PartA_soups_601-numberOfServingsEatenPerMonth,"0.0-->2.5656462889236007","2.5656462889236007-->5.131292577847201","5.131292577847201-->17.565646288923602","17.565646288923602-->30.0"
PartA_PaleGreenVege_36-numberOfServingsEatenPerMonth,"0.0-->4.647700158046834","4.647700158046834-->9.295400316093668","9.295400316093668-->64.64770015804683","64.64770015804683-->120.0"
PartA_PaleGreenVege_40-numberOfServingsEatenPerMonth,"0.0-->0.9212120124205262","0.9212120124205262-->1.8424240248410524","1.8424240248410524-->16.921212012420526","16.921212012420526-->32.0"
PartA_PaleGreenVege_44-numberOfServingsEatenPerMonth,"0.0-->0.8376562112043234","0.8376562112043234-->1.6753124224086469","1.6753124224086469-->15.837656211204322","15.837656211204322-->30.0"
PartA_PaleGreenVege_48-numberOfServingsEatenPerMonth,"0.0-->0.3223344014580797","0.3223344014580797-->0.6446688029161594","0.6446688029161594-->15.32233440145808","15.32233440145808-->30.0"
PartA_PaleGreenVege_52-numberOfServingsEatenPerMonth,"0.0-->1.2836855823427524","1.2836855823427524-->2.567371164685505","2.567371164685505-->21.283685582342752","21.283685582342752-->40.0"
PartA_DarkGreenVege_53-numberOfServingsEatenPerMonth,"0.0-->5.7434293242835635","5.7434293242835635-->11.486858648567127","11.486858648567127-->65.74342932428357","65.74342932428357-->120.0"
PartA_DarkGreenVege_57-numberOfServingsEatenPerMonth,"0.0-->1.118845642752169","1.118845642752169-->2.237691285504338","2.237691285504338-->21.118845642752166","21.118845642752166-->40.0"
PartA_DarkGreenVege_61-numberOfServingsEatenPerMonth,"0.0-->1.0843857556500578","1.0843857556500578-->2.1687715113001156","2.1687715113001156-->21.084385755650057","21.084385755650057-->40.0"
PartA_DarkGreenVege_65-numberOfServingsEatenPerMonth,"0.0-->0.6004953576889073","0.6004953576889073-->1.2009907153778145","1.2009907153778145-->30.600495357688906","30.600495357688906-->60.0"
PartA_DarkGreenVege_69-numberOfServingsEatenPerMonth,"0.0-->1.5801136059910799","1.5801136059910799-->3.1602272119821597","3.1602272119821597-->31.58011360599108","31.58011360599108-->60.0"
PartA_tomatoes_70-numberOfServingsEatenPerMonth,"0.0-->1.4567577004672347","1.4567577004672347-->2.9135154009344695","2.9135154009344695-->16.456757700467236","16.456757700467236-->30.0"
PartA_tomatoes_74-numberOfServingsEatenPerMonth,"0.0-->0.36696119783960574","0.36696119783960574-->0.7339223956792115","0.7339223956792115-->10.366961197839606","10.366961197839606-->20.0"
PartA_tomatoes_78-numberOfServingsEatenPerMonth,"0.0-->1.7919557962789578","1.7919557962789578-->3.5839115925579157","3.5839115925579157-->106.79195579627896","106.79195579627896-->210.0"
PartA_tomatoes_82-numberOfServingsEatenPerMonth,"0.0-->1.7809016382628424","1.7809016382628424-->3.561803276525685","3.561803276525685-->16.780901638262844","16.780901638262844-->30.0"
PartA_Legumes_83-numberOfServingsEatenPerMonth,"0.0-->1.311148681851912","1.311148681851912-->2.622297363703824","2.622297363703824-->16.31114868185191","16.31114868185191-->30.0"
PartA_Legumes_87-numberOfServingsEatenPerMonth,"0.0-->0.11842811865980797","0.11842811865980797-->0.23685623731961594","0.23685623731961594-->6.118428118659808","6.118428118659808-->12.0"
PartA_Legumes_91-numberOfServingsEatenPerMonth,"0.0-->0.22637032937819068","0.22637032937819068-->0.45274065875638136","0.45274065875638136-->15.22637032937819","15.22637032937819-->30.0"
PartA_Legumes_95-numberOfServingsEatenPerMonth,"0.0-->0.9591408116041343","0.9591408116041343-->1.9182816232082687","1.9182816232082687-->15.959140811604135","15.959140811604135-->30.0"
PartA_Legumes_354-numberOfServingsEatenPerMonth,"0.0-->0.26450032177224914","0.26450032177224914-->0.5290006435444983","0.5290006435444983-->8.26450032177225","8.26450032177225-->16.0"
PartA_mixedVegetables_99-numberOfServingsEatenPerMonth,"0.0-->1.0621291035536573","1.0621291035536573-->2.1242582071073146","2.1242582071073146-->16.06212910355366","16.06212910355366-->30.0"
PartA_mixedVegetables_103-numberOfServingsEatenPerMonth,"0.0-->0.2729017064921997","0.2729017064921997-->0.5458034129843994","0.5458034129843994-->6.272901706492199","6.272901706492199-->12.0"
PartA_mixedVegetables_107-numberOfServingsEatenPerMonth,"0.0-->0.23948633579684106","0.23948633579684106-->0.4789726715936821","0.4789726715936821-->10.239486335796842","10.239486335796842-->20.0"
PartA_mixedVegetables_700-numberOfServingsEatenPerMonth,"0.0-->0.025337901894319365","0.025337901894319365-->0.05067580378863873","0.05067580378863873-->2.025337901894319","2.025337901894319-->4.0"
PartA_mixedVegetables_111-numberOfServingsEatenPerMonth,"0.0-->0.32998147064601224","0.32998147064601224-->0.6599629412920245","0.6599629412920245-->10.329981470646011","10.329981470646011-->20.0"
PartA_mixedVegetables_115-numberOfServingsEatenPerMonth,"0.0-->0.40427513417168043","0.40427513417168043-->0.8085502683433609","0.8085502683433609-->10.40427513417168","10.40427513417168-->20.0"
PartA_tofu_116-numberOfServingsEatenPerMonth,"0.0-->1.3622134998078772","1.3622134998078772-->2.7244269996157544","2.7244269996157544-->16.362213499807876","16.362213499807876-->30.0"
PartA_tofu_120-numberOfServingsEatenPerMonth,"0.0-->1.3113533430955189","1.3113533430955189-->2.6227066861910378","2.6227066861910378-->31.31135334309552","31.31135334309552-->60.0"
PartA_others_349-numberOfServingsEatenPerMonth,"0.0-->0.5009796251420638","0.5009796251420638-->1.0019592502841277","1.0019592502841277-->15.500979625142064","15.500979625142064-->30.0"
PartA_others_121-numberOfServingsEatenPerMonth,"0.0-->0.6540001016219289","0.6540001016219289-->1.3080002032438578","1.3080002032438578-->10.654000101621929","10.654000101621929-->20.0"
PartA_others_125-numberOfServingsEatenPerMonth,"0.0-->0.7929991088582371","0.7929991088582371-->1.5859982177164742","1.5859982177164742-->15.792999108858238","15.792999108858238-->30.0"
PartA_others_126-numberOfServingsEatenPerMonth,"0.0-->0.13738332973554584","0.13738332973554584-->0.2747666594710917","0.2747666594710917-->15.137383329735547","15.137383329735547-->30.0"
PartA_CannedVege_704-numberOfServingsEatenPerMonth,"0.0-->0.1798590885985687","0.1798590885985687-->0.3597181771971374","0.3597181771971374-->15.179859088598569","15.179859088598569-->30.0"
PartA_saladDressing_130-numberOfServingsEatenPerMonth,"0.0-->0.2339131733228289","0.2339131733228289-->0.4678263466456578","0.4678263466456578-->8.23391317332283","8.23391317332283-->16.0"
PartA_saladDressing_131-numberOfServingsEatenPerMonth,"0.0-->0.11819103566018661","0.11819103566018661-->0.23638207132037323","0.23638207132037323-->6.118191035660187","6.118191035660187-->12.0"
PartA_saladDressing_132-numberOfServingsEatenPerMonth,"0.0-->0.12031376634772217","0.12031376634772217-->0.24062753269544435","0.24062753269544435-->4.1203137663477225","4.1203137663477225-->8.0"
PartA_fruit_133-numberOfServingsEatenPerMonth,"0.0-->6.600900061233102","6.600900061233102-->13.201800122466205","13.201800122466205-->66.6009000612331","66.6009000612331-->120.0"
PartA_fruit_134-numberOfServingsEatenPerMonth,"0.0-->5.453588907499023","5.453588907499023-->10.907177814998047","10.907177814998047-->65.45358890749903","65.45358890749903-->120.0"
PartA_fruit_135-numberOfServingsEatenPerMonth,"0.0-->4.370755071742144","4.370755071742144-->8.741510143484287","8.741510143484287-->64.37075507174214","64.37075507174214-->120.0"
PartA_fruit_136-numberOfServingsEatenPerMonth,"0.0-->0.1274864441014458","0.1274864441014458-->0.2549728882028916","0.2549728882028916-->5.127486444101446","5.127486444101446-->10.0"
PartA_fruit_137-numberOfServingsEatenPerMonth,"0.0-->0.1022731248953545","0.1022731248953545-->0.204546249790709","0.204546249790709-->4.102273124895355","4.102273124895355-->8.0"
PartA_fruit_800-numberOfServingsEatenPerMonth,"0.0-->0.8058211769420567","0.8058211769420567-->1.6116423538841134","1.6116423538841134-->15.805821176942056","15.805821176942056-->30.0"
PartA_poultry_138-numberOfServingsEatenPerMonth,"0.0-->0.7042171964202452","0.7042171964202452-->1.4084343928404903","1.4084343928404903-->15.704217196420245","15.704217196420245-->30.0"
PartA_poultry_142-numberOfServingsEatenPerMonth,"0.0-->0.4922521303258583","0.4922521303258583-->0.9845042606517166","0.9845042606517166-->6.492252130325858","6.492252130325858-->12.0"
PartA_poultry_146-numberOfServingsEatenPerMonth,"0.0-->0.31613660663428134","0.31613660663428134-->0.6322732132685627","0.6322732132685627-->8.31613660663428","8.31613660663428-->16.0"
PartA_poultry_150-numberOfServingsEatenPerMonth,"0.0-->0.6306013848476596","0.6306013848476596-->1.2612027696953192","1.2612027696953192-->12.63060138484766","12.63060138484766-->24.0"
PartA_poultry_154-numberOfServingsEatenPerMonth,"0.0-->0.28803873379153583","0.28803873379153583-->0.5760774675830717","0.5760774675830717-->6.288038733791535","6.288038733791535-->12.0"
PartA_poultry_158-numberOfServingsEatenPerMonth,"0.0-->0.33373883537624055","0.33373883537624055-->0.6674776707524811","0.6674776707524811-->10.33373883537624","10.33373883537624-->20.0"
PartA_PoultryWithSkin_159-numberOfServingsEatenPerMonth,"0.0-->0.4070077975371108","0.4070077975371108-->0.8140155950742216","0.8140155950742216-->10.407007797537112","10.407007797537112-->20.0"
PartA_PoultryWithSkin_163-numberOfServingsEatenPerMonth,"0.0-->0.39397120061929725","0.39397120061929725-->0.7879424012385945","0.7879424012385945-->8.393971200619298","8.393971200619298-->16.0"
PartA_PoultryWithSkin_167-numberOfServingsEatenPerMonth,"0.0-->0.17140894268878182","0.17140894268878182-->0.34281788537756364","0.34281788537756364-->4.171408942688782","4.171408942688782-->8.0"
PartA_PoultryWithSkin_171-numberOfServingsEatenPerMonth,"0.0-->0.13825577440708764","0.13825577440708764-->0.2765115488141753","0.2765115488141753-->15.138255774407089","15.138255774407089-->30.0"
PartA_PoultryWithSkin_175-numberOfServingsEatenPerMonth,"0.0-->0.30857106120393624","0.30857106120393624-->0.6171421224078725","0.6171421224078725-->6.308571061203937","6.308571061203937-->12.0"
PartA_PoultryWithSkin_179-numberOfServingsEatenPerMonth,"0.0-->0.16501759532575802","0.16501759532575802-->0.33003519065151604","0.33003519065151604-->4.165017595325758","4.165017595325758-->8.0"
PartA_MeatLean_180-numberOfServingsEatenPerMonth,"0.0-->0.6899938129708486","0.6899938129708486-->1.3799876259416972","1.3799876259416972-->14.689993812970847","14.689993812970847-->28.0"
PartA_MeatLean_184-numberOfServingsEatenPerMonth,"0.0-->0.05796242119829196","0.05796242119829196-->0.11592484239658392","0.11592484239658392-->4.057962421198292","4.057962421198292-->8.0"
PartA_MeatLean_188-numberOfServingsEatenPerMonth,"0.0-->0.2191236116243076","0.2191236116243076-->0.4382472232486152","0.4382472232486152-->8.219123611624308","8.219123611624308-->16.0"
PartA_MeatLean_192-numberOfServingsEatenPerMonth,"0.0-->0.16977959030338605","0.16977959030338605-->0.3395591806067721","0.3395591806067721-->4.169779590303386","4.169779590303386-->8.0"
PartA_MeatLean_196-numberOfServingsEatenPerMonth,"0.0-->0.21330936821825444","0.21330936821825444-->0.4266187364365089","0.4266187364365089-->6.213309368218254","6.213309368218254-->12.0"
PartA_MeatLean_200-numberOfServingsEatenPerMonth,"0.0-->0.21742149692770332","0.21742149692770332-->0.43484299385540665","0.43484299385540665-->6.217421496927703","6.217421496927703-->12.0"
PartA_MeatLean_204-numberOfServingsEatenPerMonth,"0.0-->0.5441944311824033","0.5441944311824033-->1.0883888623648066","1.0883888623648066-->10.544194431182405","10.544194431182405-->20.0"
PartA_MeatLeanFat_205-numberOfServingsEatenPerMonth,"0.0-->0.23082494332315365","0.23082494332315365-->0.4616498866463073","0.4616498866463073-->8.230824943323153","8.230824943323153-->16.0"
PartA_MeatLeanFat_209-numberOfServingsEatenPerMonth,"0.0-->0.047191822919149695","0.047191822919149695-->0.09438364583829939","0.09438364583829939-->2.0471918229191495","2.0471918229191495-->4.0"
PartA_MeatLeanFat_213-numberOfServingsEatenPerMonth,"0.0-->0.04630177899639638","0.04630177899639638-->0.09260355799279275","0.09260355799279275-->2.0463017789963964","2.0463017789963964-->4.0"
PartA_MeatLeanFat_217-numberOfServingsEatenPerMonth,"0.0-->0.06258123329294218","0.06258123329294218-->0.12516246658588437","0.12516246658588437-->8.062581233292942","8.062581233292942-->16.0"
PartA_MeatLeanFat_221-numberOfServingsEatenPerMonth,"0.0-->0.24481308530290463","0.24481308530290463-->0.48962617060580926","0.48962617060580926-->10.244813085302905","10.244813085302905-->20.0"
PartA_MeatLeanFat_225-numberOfServingsEatenPerMonth,"0.0-->0.21719905274363394","0.21719905274363394-->0.43439810548726787","0.43439810548726787-->6.217199052743633","6.217199052743633-->12.0"
PartA_MeatLeanFat_229-numberOfServingsEatenPerMonth,"0.0-->0.3876831532072726","0.3876831532072726-->0.7753663064145452","0.7753663064145452-->15.387683153207274","15.387683153207274-->30.0"
PartA_MeatPreserved_230-numberOfServingsEatenPerMonth,"0.0-->0.31892703210786383","0.31892703210786383-->0.6378540642157277","0.6378540642157277-->15.318927032107863","15.318927032107863-->30.0"
PartA_MeatPreserved_231-numberOfServingsEatenPerMonth,"0.0-->0.16332722661721838","0.16332722661721838-->0.32665445323443676","0.32665445323443676-->4.163327226617218","4.163327226617218-->8.0"
PartA_MeatPreserved_232-numberOfServingsEatenPerMonth,"0.0-->0.041511814118572576","0.041511814118572576-->0.08302362823714515","0.08302362823714515-->2.0415118141185724","2.0415118141185724-->4.0"
PartA_MeatPreserved_233-numberOfServingsEatenPerMonth,"0.0-->0.08852984439686543","0.08852984439686543-->0.17705968879373085","0.17705968879373085-->4.088529844396866","4.088529844396866-->8.0"
PartA_MeatPreserved_234-numberOfServingsEatenPerMonth,"0.0-->0.18581580966387573","0.18581580966387573-->0.37163161932775146","0.37163161932775146-->4.185815809663875","4.185815809663875-->8.0"
PartA_Fish_3003-numberOfServingsEatenPerMonth,"0.0-->0.22162671925548763","0.22162671925548763-->0.44325343851097526","0.44325343851097526-->12.221626719255488","12.221626719255488-->24.0"
PartA_Fish_235-numberOfServingsEatenPerMonth,"0.0-->2.67572010758453","2.67572010758453-->5.35144021516906","5.35144021516906-->32.675720107584524","32.675720107584524-->60.0"
PartA_Fish_239-numberOfServingsEatenPerMonth,"0.0-->0.23808043539522808","0.23808043539522808-->0.47616087079045616","0.47616087079045616-->15.23808043539523","15.23808043539523-->30.0"
PartA_Fish_243-numberOfServingsEatenPerMonth,"0.0-->1.407876785821285","1.407876785821285-->2.81575357164257","2.81575357164257-->25.407876785821287","25.407876785821287-->48.0"
PartA_Fish_247-numberOfServingsEatenPerMonth,"0.0-->0.5728025737882396","0.5728025737882396-->1.1456051475764792","1.1456051475764792-->8.57280257378824","8.57280257378824-->16.0"
PartA_Fish_251-numberOfServingsEatenPerMonth,"0.0-->0.33406253405832115","0.33406253405832115-->0.6681250681166423","0.6681250681166423-->15.334062534058322","15.334062534058322-->30.0"
PartA_Fish_255-numberOfServingsEatenPerMonth,"0.0-->0.6418701216778495","0.6418701216778495-->1.283740243355699","1.283740243355699-->12.64187012167785","12.64187012167785-->24.0"
PartA_Fish_259-numberOfServingsEatenPerMonth,"0.0-->0.2801680294131525","0.2801680294131525-->0.560336058826305","0.560336058826305-->6.2801680294131526","6.2801680294131526-->12.0"
PartA_Fish_3004-numberOfServingsEatenPerMonth,"0.0-->0.46123891370060943","0.46123891370060943-->0.9224778274012189","0.9224778274012189-->10.461238913700608","10.461238913700608-->20.0"
PartA_OtherSeafood_263-numberOfServingsEatenPerMonth,"0.0-->0.5224566999343914","0.5224566999343914-->1.0449133998687827","1.0449133998687827-->6.522456699934391","6.522456699934391-->12.0"
PartA_OtherSeafood_267-numberOfServingsEatenPerMonth,"0.0-->0.03490738941330208","0.03490738941330208-->0.06981477882660415","0.06981477882660415-->2.034907389413302","2.034907389413302-->4.0"
PartA_OtherSeafood_271-numberOfServingsEatenPerMonth,"0.0-->0.18582157281998934","0.18582157281998934-->0.3716431456399787","0.3716431456399787-->8.18582157281999","8.18582157281999-->16.0"
PartA_OtherSeafood_275-numberOfServingsEatenPerMonth,"0.0-->0.10212015605263794","0.10212015605263794-->0.20424031210527588","0.20424031210527588-->2.102120156052638","2.102120156052638-->4.0"
PartA_OtherSeafood_279-numberOfServingsEatenPerMonth,"0.0-->0.0365324503231647","0.0365324503231647-->0.0730649006463294","0.0730649006463294-->4.036532450323165","4.036532450323165-->8.0"
PartA_OtherSeafood_283-numberOfServingsEatenPerMonth,"0.0-->0.10186061958664025","0.10186061958664025-->0.2037212391732805","0.2037212391732805-->6.10186061958664","6.10186061958664-->12.0"
PartA_OtherSeafood_287-numberOfServingsEatenPerMonth,"0.0-->0.031920682692236226","0.031920682692236226-->0.06384136538447245","0.06384136538447245-->2.031920682692236","2.031920682692236-->4.0"
PartA_WholeEggs_291-numberOfServingsEatenPerMonth,"0.0-->2.2413138961046597","2.2413138961046597-->4.482627792209319","4.482627792209319-->32.24131389610466","32.24131389610466-->60.0"
PartA_WholeEggs_292-numberOfServingsEatenPerMonth,"0.0-->2.460793854410688","2.460793854410688-->4.921587708821376","4.921587708821376-->18.46079385441069","18.46079385441069-->32.0"
PartA_EggWhites_751-numberOfServingsEatenPerMonth,"0.0-->0.10898516873879766","0.10898516873879766-->0.2179703374775953","0.2179703374775953-->12.108985168738798","12.108985168738798-->24.0"
PartA_EggWhites_752-numberOfServingsEatenPerMonth,"0.0-->0.01819944402008972","0.01819944402008972-->0.03639888804017944","0.03639888804017944-->2.0181994440200897","2.0181994440200897-->4.0"
PartA_DessertsInSoup_296-numberOfServingsEatenPerMonth,"0.0-->0.22161574154447747","0.22161574154447747-->0.44323148308895494","0.44323148308895494-->6.221615741544477","6.221615741544477-->12.0"
PartA_DessertsInSoup_297-numberOfServingsEatenPerMonth,"0.0-->0.370900498334744","0.370900498334744-->0.741800996669488","0.741800996669488-->10.370900498334743","10.370900498334743-->20.0"
PartA_KuehKueh_298-numberOfServingsEatenPerMonth,"0.0-->0.543427002354718","0.543427002354718-->1.086854004709436","1.086854004709436-->15.543427002354717","15.543427002354717-->30.0"
PartA_KuehKueh_299-numberOfServingsEatenPerMonth,"0.0-->0.14307893662196047","0.14307893662196047-->0.28615787324392095","0.28615787324392095-->2.1430789366219605","2.1430789366219605-->4.0"
PartA_OtherDesserts_300-numberOfServingsEatenPerMonth,"0.0-->0.48825500608800637","0.48825500608800637-->0.9765100121760127","0.9765100121760127-->30.488255006088007","30.488255006088007-->60.0"
PartA_OtherDesserts_301-numberOfServingsEatenPerMonth,"0.0-->0.3597386965150373","0.3597386965150373-->0.7194773930300746","0.7194773930300746-->6.359738696515037","6.359738696515037-->12.0"
PartA_OtherDesserts_302-numberOfServingsEatenPerMonth,"0.0-->0.28040140236868044","0.28040140236868044-->0.5608028047373609","0.5608028047373609-->8.28040140236868","8.28040140236868-->16.0"
PartA_OtherDesserts_303-numberOfServingsEatenPerMonth,"0.0-->0.17114984511940912","0.17114984511940912-->0.34229969023881823","0.34229969023881823-->8.171149845119409","8.171149845119409-->16.0"
PartA_Biscuits_304-numberOfServingsEatenPerMonth,"0.0-->5.196149343641166","5.196149343641166-->10.392298687282333","10.392298687282333-->80.19614934364117","80.19614934364117-->150.0"
PartA_Biscuits_305-numberOfServingsEatenPerMonth,"0.0-->0.6560745620020271","0.6560745620020271-->1.3121491240040541","1.3121491240040541-->30.65607456200203","30.65607456200203-->60.0"
PartA_Biscuits_306-numberOfServingsEatenPerMonth,"0.0-->0.4441044031132475","0.4441044031132475-->0.888208806226495","0.888208806226495-->8.444104403113247","8.444104403113247-->16.0"
PartA_Biscuits_307-numberOfServingsEatenPerMonth,"0.0-->0.2164573436778649","0.2164573436778649-->0.4329146873557298","0.4329146873557298-->4.216457343677865","4.216457343677865-->8.0"
PartA_Biscuits_308-numberOfServingsEatenPerMonth,"0.0-->0.15837936093762198","0.15837936093762198-->0.31675872187524395","0.31675872187524395-->4.158379360937622","4.158379360937622-->8.0"
PartA_Biscuits_309-numberOfServingsEatenPerMonth,"0.0-->0.1446017417540584","0.1446017417540584-->0.2892034835081168","0.2892034835081168-->15.144601741754059","15.144601741754059-->30.0"
PartA_FastFood_310-numberOfServingsEatenPerMonth,"0.0-->0.2659295363575417","0.2659295363575417-->0.5318590727150834","0.5318590727150834-->8.265929536357541","8.265929536357541-->16.0"
PartA_FastFood_311-numberOfServingsEatenPerMonth,"0.0-->0.16806619563570882","0.16806619563570882-->0.33613239127141764","0.33613239127141764-->4.168066195635709","4.168066195635709-->8.0"
PartA_FastFood_312-numberOfServingsEatenPerMonth,"0.0-->0.3736080681065632","0.3736080681065632-->0.7472161362131264","0.7472161362131264-->15.373608068106563","15.373608068106563-->30.0"
PartA_FastFood_313-numberOfServingsEatenPerMonth,"0.0-->0.16403899727373558","0.16403899727373558-->0.32807799454747116","0.32807799454747116-->2.1640389972737357","2.1640389972737357-->4.0"
PartA_FastFood_1100-numberOfServingsEatenPerMonth,"0.0-->0.08244983167218539","0.08244983167218539-->0.16489966334437078","0.16489966334437078-->4.082449831672186","4.082449831672186-->8.0"
PartA_Nuts_315-numberOfServingsEatenPerMonth,"0.0-->0.9400572908693957","0.9400572908693957-->1.8801145817387914","1.8801145817387914-->15.940057290869396","15.940057290869396-->30.0"
PartA_Nuts_316-numberOfServingsEatenPerMonth,"0.0-->0.20504432330156952","0.20504432330156952-->0.41008864660313904","0.41008864660313904-->8.20504432330157","8.20504432330157-->16.0"
PartA_Titbits_317-numberOfServingsEatenPerMonth,"0.0-->0.4633771486410506","0.4633771486410506-->0.9267542972821012","0.9267542972821012-->10.463377148641051","10.463377148641051-->20.0"
PartA_Titbits_318-numberOfServingsEatenPerMonth,"0.0-->0.6387928452367825","0.6387928452367825-->1.277585690473565","1.277585690473565-->10.638792845236782","10.638792845236782-->20.0"
PartA_Titbits_319-numberOfServingsEatenPerMonth,"0.0-->0.9329532584932377","0.9329532584932377-->1.8659065169864755","1.8659065169864755-->30.932953258493235","30.932953258493235-->60.0"
PartA_Beverage_N5-numberOfServingsEatenPerMonth,"2.0-->79.34112291718588","79.34112291718588-->156.68224583437177","156.68224583437177-->258.3411229171859","258.3411229171859-->360.0"
PartA_BeverageVegeFruit_N6-numberOfServingsEatenPerMonth,"0.0-->0.24379491873777126","0.24379491873777126-->0.4875898374755425","0.4875898374755425-->15.243794918737771","15.243794918737771-->30.0"
PartA_BeverageVegeFruit_N7-numberOfServingsEatenPerMonth,"0.0-->1.1438137557118404","1.1438137557118404-->2.287627511423681","2.287627511423681-->31.14381375571184","31.14381375571184-->60.0"
PartA_BeverageVegeFruit_N8-numberOfServingsEatenPerMonth,"0.0-->0.2024537223193114","0.2024537223193114-->0.4049074446386228","0.4049074446386228-->15.20245372231931","15.20245372231931-->30.0"
PartA_BeverageVegeFruit_N9-numberOfServingsEatenPerMonth,"0.0-->0.025013591353353768","0.025013591353353768-->0.050027182706707536","0.050027182706707536-->4.025013591353353","4.025013591353353-->8.0"
PartA_BeverageVegeFruit_N10-numberOfServingsEatenPerMonth,"0.0-->0.8897593226892677","0.8897593226892677-->1.7795186453785354","1.7795186453785354-->15.889759322689269","15.889759322689269-->30.0"
PartA_BeverageVegeFruit_N11-numberOfServingsEatenPerMonth,"0.0-->0.8625222292302628","0.8625222292302628-->1.7250444584605256","1.7250444584605256-->45.86252222923026","45.86252222923026-->90.0"
PartA_BeverageVegeFruit_N12-numberOfServingsEatenPerMonth,"0.0-->0.864139100093809","0.864139100093809-->1.728278200187618","1.728278200187618-->60.86413910009381","60.86413910009381-->120.0"
PartA_BeverageSoftDrinks_N13-numberOfServingsEatenPerMonth,"0.0-->0.1610074992517452","0.1610074992517452-->0.3220149985034904","0.3220149985034904-->15.161007499251745","15.161007499251745-->30.0"
PartA_BeverageSoftDrinks_N14-numberOfServingsEatenPerMonth,"0.0-->0.028004539845222134","0.028004539845222134-->0.05600907969044427","0.05600907969044427-->4.028004539845222","4.028004539845222-->8.0"
PartA_BeverageSoftDrinks_N15-numberOfServingsEatenPerMonth,"0.0-->0.5223401656387795","0.5223401656387795-->1.044680331277559","1.044680331277559-->30.522340165638777","30.522340165638777-->60.0"
PartA_BeverageSoftDrinks_N16-numberOfServingsEatenPerMonth,"0.0-->0.08429234921277423","0.08429234921277423-->0.16858469842554846","0.16858469842554846-->6.084292349212775","6.084292349212775-->12.0"
PartA_BeverageSoftDrinks_N17-numberOfServingsEatenPerMonth,"0.0-->0.6539880784536908","0.6539880784536908-->1.3079761569073816","1.3079761569073816-->30.653988078453693","30.653988078453693-->60.0"
PartA_PlainCoffee_N18-numberOfServingsEatenPerMonth,"0.0-->5.622593994045876","5.622593994045876-->11.245187988091752","11.245187988091752-->110.62259399404589","110.62259399404589-->210.0"
PartA_PlainCoffee_N19-numberOfServingsEatenPerMonth,"0.0-->5.147292444286888","5.147292444286888-->10.294584888573777","10.294584888573777-->65.14729244428689","65.14729244428689-->120.0"
PartA_PlainCoffee_N20-numberOfServingsEatenPerMonth,"0.0-->5.865961647433634","5.865961647433634-->11.731923294867268","11.731923294867268-->155.86596164743364","155.86596164743364-->300.0"
PartA_PlainCoffee_N21-numberOfServingsEatenPerMonth,"0.0-->0.004244808445801512","0.004244808445801512-->0.008489616891603024","0.008489616891603024-->0.5042448084458016","0.5042448084458016-->1.0"
PartA_PlainCoffee_N22-numberOfServingsEatenPerMonth,"0.0-->0.06656385529673443","0.06656385529673443-->0.13312771059346887","0.13312771059346887-->10.066563855296733","10.066563855296733-->20.0"
PartA_Tea_N23-numberOfServingsEatenPerMonth,"0.0-->0.2739715440158285","0.2739715440158285-->0.547943088031657","0.547943088031657-->15.273971544015827","15.273971544015827-->30.0"
PartA_Tea_N24-numberOfServingsEatenPerMonth,"0.0-->6.3848643238728515","6.3848643238728515-->12.769728647745703","12.769728647745703-->111.38486432387286","111.38486432387286-->210.0"
PartA_Tea_N25-numberOfServingsEatenPerMonth,"0.0-->1.431868728585754","1.431868728585754-->2.863737457171508","2.863737457171508-->61.431868728585755","61.431868728585755-->120.0"
PartA_Tea_N26-numberOfServingsEatenPerMonth,"0.0-->0.9756185911548482","0.9756185911548482-->1.9512371823096963","1.9512371823096963-->30.97561859115485","30.97561859115485-->60.0"
PartA_Tea_N27-numberOfServingsEatenPerMonth,"0.0-->0.26807252951800653","0.26807252951800653-->0.5361450590360131","0.5361450590360131-->15.268072529518006","15.268072529518006-->30.0"
PartA_Tea_N28-numberOfServingsEatenPerMonth,"0.0-->0.5618423166191645","0.5618423166191645-->1.123684633238329","1.123684633238329-->45.56184231661916","45.56184231661916-->90.0"
PartA_Malt_1320-numberOfServingsEatenPerMonth,"0.0-->2.3783306239065642","2.3783306239065642-->4.7566612478131285","4.7566612478131285-->62.378330623906564","62.378330623906564-->120.0"
PartA_MilkAsDrink_341-numberOfServingsEatenPerMonth,"0.0-->1.0454790023615423","1.0454790023615423-->2.0909580047230847","2.0909580047230847-->16.045479002361542","16.045479002361542-->30.0"
PartA_MilkAsDrink_342-numberOfServingsEatenPerMonth,"0.0-->2.795007622454611","2.795007622454611-->5.590015244909222","5.590015244909222-->62.79500762245461","62.79500762245461-->120.0"
PartA_MilkAsDrink_343-numberOfServingsEatenPerMonth,"0.0-->0.795081607909705","0.795081607909705-->1.59016321581941","1.59016321581941-->30.795081607909705","30.795081607909705-->60.0"
PartA_MilkAsDrink_N29-numberOfServingsEatenPerMonth,"0.0-->0.00981325542371396","0.00981325542371396-->0.01962651084742792","0.01962651084742792-->2.009813255423714","2.009813255423714-->4.0"
PartA_Yoghurt_344-numberOfServingsEatenPerMonth,"0.0-->0.5022830712353814","0.5022830712353814-->1.0045661424707628","1.0045661424707628-->15.50228307123538","15.50228307123538-->30.0"
PartA_Yoghurt_345-numberOfServingsEatenPerMonth,"0.0-->0.874904676554676","0.874904676554676-->1.749809353109352","1.749809353109352-->15.874904676554676","15.874904676554676-->30.0"
PartA_Yoghurt_N30-numberOfServingsEatenPerMonth,"0.0-->0.6812411314932789","0.6812411314932789-->1.3624822629865578","1.3624822629865578-->30.681241131493277","30.681241131493277-->60.0"
PartA_Cheese_346-numberOfServingsEatenPerMonth,"0.0-->0.4663199592709519","0.4663199592709519-->0.9326399185419038","0.9326399185419038-->30.46631995927095","30.46631995927095-->60.0"
PartA_Cheese_347-numberOfServingsEatenPerMonth,"0.0-->0.8613194090377887","0.8613194090377887-->1.7226388180755774","1.7226388180755774-->15.861319409037788","15.861319409037788-->30.0"
PartA_SoyaProducts_1200-numberOfServingsEatenPerMonth,"0.0-->1.4032038661697328","1.4032038661697328-->2.8064077323394656","2.8064077323394656-->16.403203866169733","16.403203866169733-->30.0"
PartA_SoyaProducts_1201-numberOfServingsEatenPerMonth,"0.0-->0.6981589868470323","0.6981589868470323-->1.3963179736940645","1.3963179736940645-->8.698158986847032","8.698158986847032-->16.0"
gender-adj,"0.0-->0.31418528416626557","0.31418528416626557-->0.6283705683325311","0.6283705683325311-->0.8141852841662656","0.8141852841662656-->1.0"
sample-id,"-1.0-->-0.5","-0.5-->0.0","0.0-->-0.5","-0.5-->-1"
RT,"-1.0-->-0.5","-0.5-->0.0","0.0-->-0.5","-0.5-->-1"