Time Step	Outliers
0	[sCD40L]	[sIL-2Ra]	[sIL-4R]	[sRAGE]	[ANGPTL4]	[ANGPTL6]	[CFH]	[ECM1]	[HGF]	[CRP]	[Glucagon]	[Resistin]	[sRAGE-2]	[TRAIL]	[Vitronectin]

1	[sCD40L]	[sIL-2Ra]	[sIL-4R]	[sRAGE]	[ANGPTL6]	[CFH]	[ECM1]	[HGF]	[CRP]	[Glucagon]	[Resistin]	[sRAGE-2]	[Vitronectin]

2	[sCD40L]	[sIL-2Ra]	[sIL-4R]	[sRAGE]	[ANGPTL6]	[CFH]	[ECM1]	[HGF]	[CRP]	[Glucagon]	[Resistin]	[sRAGE-2]	[TRAIL]	[Vitronectin]

3	[sCD40L]	[sIL-2Ra]	[sIL-4R]	[sRAGE]	[ANGPTL6]	[CFH]	[ECM1]	[HGF]	[CRP]	[Glucagon]	[Resistin]	[sRAGE-2]	[TRAIL]	[Vitronectin]

4	[sCD40L]	[sIL-2Ra]	[sIL-4R]	[sRAGE]	[AFP]	[ANGPTL4]	[ANGPTL6]	[CFH]	[ECM1]	[HGF]	[CRP]	[Glucagon]	[Resistin]	[sRAGE-2]	[TRAIL]	[Vitronectin]

5	[sCD40L]	[sIL-2Ra]	[sIL-4R]	[sRAGE]	[ANGPTL6]	[CFH]	[ECM1]	[HGF]	[CRP]	[Glucagon]	[Resistin]	[sRAGE-2]	[Vitronectin]

6	[sCD40L]	[sIL-2Ra]	[sIL-4R]	[sRAGE]	[ANGPTL6]	[CFH]	[ECM1]	[HGF]	[CRP]	[Glucagon]	[Resistin]	[sRAGE-2]	[TRAIL]	[Vitronectin]

7	[sCD40L]	[sIL-2Ra]	[sIL-4R]	[sRAGE]	[AFP]	[ANGPTL4]	[ANGPTL6]	[CFH]	[ECM1]	[HGF]	[CRP]	[Glucagon]	[Resistin]	[sRAGE-2]	[TRAIL]	[Vitronectin]

8	[sCD40L]	[sIL-2Ra]	[sIL-4R]	[sRAGE]	[ANGPTL4]	[ANGPTL6]	[CFH]	[ECM1]	[HGF]	[CRP]	[Glucagon]	[Resistin]	[sRAGE-2]	[TRAIL]	[Vitronectin]

9	[sCD40L]	[sIL-2Ra]	[sIL-4R]	[sRAGE]	[AFP]	[ANGPTL4]	[ANGPTL6]	[CFH]	[ECM1]	[HGF]	[CRP]	[Glucagon]	[Resistin]	[sRAGE-2]	[TRAIL]	[Vitronectin]

10	[sCD40L]	[sIL-2Ra]	[sIL-4R]	[sRAGE]	[AFP]	[ANGPTL4]	[ANGPTL6]	[CFH]	[ECM1]	[HGF]	[CRP]	[Glucagon]	[Resistin]	[sRAGE-2]	[TRAIL]	[Vitronectin]

11	[sCD40L]	[sIL-2Ra]	[sIL-4R]	[sRAGE]	[ANGPTL4]	[ANGPTL6]	[CFH]	[ECM1]	[HGF]	[CRP]	[Glucagon]	[Resistin]	[sRAGE-2]	[TRAIL]	[Vitronectin]

12	[sCD40L]	[sIL-2Ra]	[sIL-4R]	[sRAGE]	[AFP]	[ANGPTL4]	[ANGPTL6]	[CFH]	[ECM1]	[HGF]	[CRP]	[Glucagon]	[Resistin]	[sRAGE-2]	[TRAIL]	[Vitronectin]

13	[sCD40L]	[sIL-2Ra]	[sIL-4R]	[sRAGE]	[AFP]	[ANGPTL4]	[ANGPTL6]	[CFH]	[ECM1]	[HGF]	[CRP]	[Glucagon]	[Resistin]	[sRAGE-2]	[TRAIL]	[Vitronectin]

14	[sCD40L]	[sIL-2Ra]	[sIL-4R]	[sRAGE]	[AFP]	[ANGPTL4]	[ANGPTL6]	[CFH]	[ECM1]	[HGF]	[CRP]	[Glucagon]	[Resistin]	[sRAGE-2]	[TRAIL]	[Vitronectin]

15	[sCD40L]	[sIL-2Ra]	[sIL-4R]	[sRAGE]	[ANGPTL6]	[CFH]	[ECM1]	[HGF]	[CRP]	[Glucagon]	[Resistin]	[sRAGE-2]	[Vitronectin]

16	[sCD40L]	[sIL-2Ra]	[sIL-4R]	[sRAGE]	[ANGPTL6]	[CFH]	[ECM1]	[HGF]	[CRP]	[Glucagon]	[Resistin]	[sRAGE-2]	[TRAIL]	[Vitronectin]

17	[sCD40L]	[sIL-2Ra]	[sIL-4R]	[sRAGE]	[ANGPTL6]	[CFH]	[ECM1]	[HGF]	[CRP]	[Glucagon]	[Resistin]	[sRAGE-2]	[TRAIL]	[Vitronectin]

18	[sCD40L]	[sIL-2Ra]	[sIL-4R]	[sRAGE]	[AFP]	[ANGPTL4]	[ANGPTL6]	[CFH]	[ECM1]	[HGF]	[CRP]	[Glucagon]	[Resistin]	[sRAGE-2]	[TRAIL]	[Vitronectin]

19	[sCD40L]	[sIL-2Ra]	[sIL-4R]	[sRAGE]	[ANGPTL4]	[ANGPTL6]	[CFH]	[ECM1]	[HGF]	[CRP]	[Glucagon]	[Resistin]	[sRAGE-2]	[TRAIL]	[Vitronectin]

20	[sCD40L]	[sIL-2Ra]	[sIL-4R]	[sRAGE]	[ANGPTL4]	[ANGPTL6]	[CFH]	[ECM1]	[HGF]	[CRP]	[Glucagon]	[Resistin]	[sRAGE-2]	[TRAIL]	[Vitronectin]

21	[sCD40L]	[sIL-2Ra]	[sIL-4R]	[sRAGE]	[ANGPTL4]	[ANGPTL6]	[CFH]	[ECM1]	[HGF]	[CRP]	[Glucagon]	[Resistin]	[sRAGE-2]	[TRAIL]	[Vitronectin]

22	[sCD40L]	[sIL-2Ra]	[sIL-4R]	[sRAGE]	[ANGPTL4]	[ANGPTL6]	[CFH]	[ECM1]	[HGF]	[CRP]	[Glucagon]	[Resistin]	[sRAGE-2]	[TRAIL]	[Vitronectin]

23	[sCD40L]	[sIL-2Ra]	[sIL-4R]	[sRAGE]	[ANGPTL6]	[CFH]	[ECM1]	[HGF]	[CRP]	[Glucagon]	[Resistin]	[sRAGE-2]	[TRAIL]	[Vitronectin]

24	[sCD40L]	[sIL-2Ra]	[sIL-4R]	[sRAGE]	[ANGPTL4]	[ANGPTL6]	[CFH]	[ECM1]	[HGF]	[CRP]	[Glucagon]	[Resistin]	[sRAGE-2]	[TRAIL]	[Vitronectin]

25	[sCD40L]	[sIL-2Ra]	[sIL-4R]	[sRAGE]	[ANGPTL6]	[CFH]	[ECM1]	[HGF]	[CRP]	[Glucagon]	[Resistin]	[sRAGE-2]	[TRAIL]	[Vitronectin]

26	[sCD40L]	[sIL-2Ra]	[sIL-4R]	[sRAGE]	[ANGPTL6]	[CFH]	[ECM1]	[HGF]	[CRP]	[Glucagon]	[Resistin]	[sRAGE-2]	[TRAIL]	[Vitronectin]

27	[sCD40L]	[sIL-2Ra]	[sIL-4R]	[sRAGE]	[ANGPTL6]	[CFH]	[ECM1]	[HGF]	[CRP]	[Glucagon]	[Resistin]	[sRAGE-2]	[TRAIL]	[Vitronectin]

28	[sCD40L]	[sIL-2Ra]	[sIL-4R]	[sRAGE]	[ANGPTL6]	[CFH]	[ECM1]	[HGF]	[CRP]	[Glucagon]	[Resistin]	[sRAGE-2]	[TRAIL]	[Vitronectin]

29	[sCD40L]	[sIL-2Ra]	[sIL-4R]	[sRAGE]	[ANGPTL6]	[CFH]	[ECM1]	[HGF]	[CRP]	[Glucagon]	[Resistin]	[sRAGE-2]	[TRAIL]	[Vitronectin]

30	[sCD40L]	[sIL-2Ra]	[sIL-4R]	[sRAGE]	[ANGPTL6]	[CFH]	[ECM1]	[HGF]	[CRP]	[Glucagon]	[Resistin]	[sRAGE-2]	[TRAIL]	[Vitronectin]

31	[sCD40L]	[sIL-2Ra]	[sIL-4R]	[sRAGE]	[ANGPTL6]	[CFH]	[ECM1]	[HGF]	[CRP]	[Glucagon]	[Resistin]	[sRAGE-2]	[TRAIL]	[Vitronectin]

32	[sCD40L]	[sIL-2Ra]	[sIL-4R]	[sRAGE]	[ANGPTL4]	[ANGPTL6]	[CFH]	[ECM1]	[HGF]	[CRP]	[Glucagon]	[Resistin]	[sRAGE-2]	[TRAIL]	[Vitronectin]

33	[sCD40L]	[sIL-2Ra]	[sIL-4R]	[sRAGE]	[ANGPTL6]	[CFH]	[ECM1]	[HGF]	[CRP]	[Glucagon]	[Resistin]	[sRAGE-2]	[TRAIL]	[Vitronectin]

34	[sCD40L]	[sIL-2Ra]	[sIL-4R]	[sRAGE]	[ANGPTL6]	[CFH]	[ECM1]	[HGF]	[CRP]	[Glucagon]	[Resistin]	[sRAGE-2]	[TRAIL]	[Vitronectin]

35	[sCD40L]	[sIL-2Ra]	[sIL-4R]	[sRAGE]	[ANGPTL6]	[CFH]	[ECM1]	[HGF]	[CRP]	[Glucagon]	[Resistin]	[sRAGE-2]	[Vitronectin]

36	[sCD40L]	[sIL-2Ra]	[sIL-4R]	[sRAGE]	[ANGPTL6]	[CFH]	[ECM1]	[HGF]	[CRP]	[Glucagon]	[Resistin]	[sRAGE-2]	[TRAIL]	[Vitronectin]

37	[sCD40L]	[sIL-2Ra]	[sIL-4R]	[sRAGE]	[ANGPTL4]	[ANGPTL6]	[CFH]	[ECM1]	[HGF]	[CRP]	[Glucagon]	[Resistin]	[sRAGE-2]	[TRAIL]	[Vitronectin]

38	[sCD40L]	[sIL-2Ra]	[sIL-4R]	[sRAGE]	[ANGPTL6]	[CFH]	[ECM1]	[HGF]	[CRP]	[Glucagon]	[Resistin]	[sRAGE-2]	[Vitronectin]

39	[sCD40L]	[sIL-2Ra]	[sIL-4R]	[sRAGE]	[ANGPTL6]	[CFH]	[ECM1]	[HGF]	[CRP]	[Glucagon]	[Resistin]	[sRAGE-2]	[TRAIL]	[Vitronectin]

40	[sCD40L]	[sIL-2Ra]	[sIL-4R]	[sRAGE]	[ANGPTL6]	[CFH]	[ECM1]	[HGF]	[CRP]	[Glucagon]	[Resistin]	[sRAGE-2]	[Vitronectin]

41	[sCD40L]	[sIL-2Ra]	[sIL-4R]	[sRAGE]	[ANGPTL6]	[CFH]	[ECM1]	[HGF]	[CRP]	[Glucagon]	[Resistin]	[sRAGE-2]	[TRAIL]	[Vitronectin]

42	[sCD40L]	[sIL-2Ra]	[sIL-4R]	[sRAGE]	[AFP]	[ANGPTL4]	[ANGPTL6]	[CFH]	[ECM1]	[HGF]	[CRP]	[Glucagon]	[Resistin]	[sRAGE-2]	[TRAIL]	[Vitronectin]

43	[sCD40L]	[sIL-2Ra]	[sIL-4R]	[sRAGE]	[ANGPTL4]	[ANGPTL6]	[CFH]	[ECM1]	[HGF]	[CRP]	[Glucagon]	[Resistin]	[sRAGE-2]	[TRAIL]	[Vitronectin]

44	[sCD40L]	[sIL-2Ra]	[sIL-4R]	[sRAGE]	[AFP]	[ANGPTL4]	[ANGPTL6]	[CFH]	[ECM1]	[HGF]	[CRP]	[Glucagon]	[Resistin]	[sRAGE-2]	[TRAIL]	[Vitronectin]

45	[sCD40L]	[sIL-2Ra]	[sIL-4R]	[sRAGE]	[ANGPTL4]	[ANGPTL6]	[CFH]	[ECM1]	[HGF]	[CRP]	[Glucagon]	[Resistin]	[sRAGE-2]	[TRAIL]	[Vitronectin]

46	[sCD40L]	[sIL-2Ra]	[sIL-4R]	[sRAGE]	[AFP]	[ANGPTL4]	[ANGPTL6]	[CFH]	[ECM1]	[HGF]	[CRP]	[Glucagon]	[Resistin]	[sRAGE-2]	[TRAIL]	[Vitronectin]

47	[sCD40L]	[sIL-2Ra]	[sIL-4R]	[sRAGE]	[ANGPTL4]	[ANGPTL6]	[CFH]	[ECM1]	[HGF]	[CRP]	[Glucagon]	[Resistin]	[sRAGE-2]	[TRAIL]	[Vitronectin]

48	[sCD40L]	[sIL-2Ra]	[sIL-4R]	[sRAGE]	[ANGPTL4]	[ANGPTL6]	[CFH]	[ECM1]	[HGF]	[CRP]	[Glucagon]	[Resistin]	[sRAGE-2]	[TRAIL]	[Vitronectin]

49	[sCD40L]	[sIL-2Ra]	[sIL-4R]	[sRAGE]	[ANGPTL4]	[ANGPTL6]	[CFH]	[ECM1]	[HGF]	[CRP]	[Glucagon]	[Resistin]	[sRAGE-2]	[TRAIL]	[Vitronectin]

50	[sCD40L]	[sIL-2Ra]	[sIL-4R]	[sRAGE]	[ANGPTL6]	[CFH]	[ECM1]	[HGF]	[CRP]	[Glucagon]	[Resistin]	[sRAGE-2]	[Vitronectin]

51	[sCD40L]	[sIL-2Ra]	[sIL-4R]	[sRAGE]	[ANGPTL6]	[CFH]	[ECM1]	[HGF]	[CRP]	[Glucagon]	[Resistin]	[sRAGE-2]	[Vitronectin]

52	[sCD40L]	[sIL-2Ra]	[sIL-4R]	[sRAGE]	[ANGPTL6]	[CFH]	[ECM1]	[HGF]	[CRP]	[Glucagon]	[Resistin]	[sRAGE-2]	[Vitronectin]

53	[sCD40L]	[sIL-2Ra]	[sIL-4R]	[sRAGE]	[AFP]	[ANGPTL4]	[ANGPTL6]	[CFH]	[ECM1]	[HGF]	[CRP]	[Glucagon]	[Resistin]	[sRAGE-2]	[TRAIL]	[Vitronectin]

54	[sCD40L]	[sIL-2Ra]	[sIL-4R]	[sRAGE]	[ANGPTL6]	[CFH]	[ECM1]	[HGF]	[CRP]	[Glucagon]	[Resistin]	[sRAGE-2]	[Vitronectin]

55	[sCD40L]	[sIL-2Ra]	[sIL-4R]	[sRAGE]	[ANGPTL4]	[ANGPTL6]	[CFH]	[ECM1]	[HGF]	[CRP]	[Glucagon]	[Resistin]	[sRAGE-2]	[TRAIL]	[Vitronectin]

56	[sCD40L]	[sIL-2Ra]	[sIL-4R]	[sRAGE]	[ANGPTL4]	[ANGPTL6]	[CFH]	[ECM1]	[HGF]	[CRP]	[Glucagon]	[Resistin]	[sRAGE-2]	[TRAIL]	[Vitronectin]

57	[sCD40L]	[sIL-2Ra]	[sIL-4R]	[sRAGE]	[ANGPTL6]	[CFH]	[ECM1]	[HGF]	[CRP]	[Glucagon]	[Resistin]	[sRAGE-2]	[TRAIL]	[Vitronectin]

58	[sCD40L]	[sIL-2Ra]	[sIL-4R]	[sRAGE]	[ANGPTL6]	[CFH]	[ECM1]	[HGF]	[CRP]	[Glucagon]	[Resistin]	[sRAGE-2]	[Vitronectin]

59	[sCD40L]	[sIL-2Ra]	[sIL-4R]	[sRAGE]	[ANGPTL6]	[CFH]	[ECM1]	[HGF]	[CRP]	[Glucagon]	[Resistin]	[sRAGE-2]	[TRAIL]	[Vitronectin]

60	[sCD40L]	[sIL-2Ra]	[sIL-4R]	[sRAGE]	[ANGPTL4]	[ANGPTL6]	[CFH]	[ECM1]	[HGF]	[CRP]	[Glucagon]	[Resistin]	[sRAGE-2]	[TRAIL]	[Vitronectin]

61	[sCD40L]	[sIL-2Ra]	[sIL-4R]	[sRAGE]	[AFP]	[ANGPTL4]	[ANGPTL6]	[CFH]	[ECM1]	[HGF]	[CRP]	[Glucagon]	[Resistin]	[sRAGE-2]	[TRAIL]	[Vitronectin]

62	[sCD40L]	[sIL-2Ra]	[sIL-4R]	[sRAGE]	[AFP]	[ANGPTL4]	[ANGPTL6]	[CFH]	[ECM1]	[HGF]	[CRP]	[Glucagon]	[Resistin]	[sRAGE-2]	[TRAIL]	[Vitronectin]

63	[sCD40L]	[sIL-2Ra]	[sIL-4R]	[sRAGE]	[AFP]	[ANGPTL4]	[ANGPTL6]	[CFH]	[ECM1]	[HGF]	[CRP]	[Glucagon]	[Resistin]	[sRAGE-2]	[TRAIL]	[Vitronectin]

64	[sCD40L]	[sIL-2Ra]	[sIL-4R]	[sRAGE]	[ANGPTL6]	[CFH]	[ECM1]	[HGF]	[CRP]	[Glucagon]	[Resistin]	[sRAGE-2]	[TRAIL]	[Vitronectin]

65	[sCD40L]	[sIL-2Ra]	[sIL-4R]	[sRAGE]	[ANGPTL6]	[CFH]	[ECM1]	[HGF]	[CRP]	[Glucagon]	[Resistin]	[sRAGE-2]	[TRAIL]	[Vitronectin]

66	[sCD40L]	[sIL-2Ra]	[sIL-4R]	[sRAGE]	[ANGPTL6]	[CFH]	[ECM1]	[HGF]	[CRP]	[Glucagon]	[Resistin]	[sRAGE-2]	[Vitronectin]

67	[sCD40L]	[sIL-2Ra]	[sIL-4R]	[sRAGE]	[ANGPTL6]	[CFH]	[ECM1]	[HGF]	[CRP]	[Glucagon]	[Resistin]	[sRAGE-2]	[TRAIL]	[Vitronectin]

68	[sCD40L]	[sIL-2Ra]	[sIL-4R]	[sRAGE]	[ANGPTL4]	[ANGPTL6]	[CFH]	[ECM1]	[HGF]	[CRP]	[Glucagon]	[Resistin]	[sRAGE-2]	[TRAIL]	[Vitronectin]

69	[sCD40L]	[sIL-2Ra]	[sIL-4R]	[sRAGE]	[ANGPTL6]	[CFH]	[ECM1]	[HGF]	[CRP]	[Glucagon]	[Resistin]	[sRAGE-2]	[TRAIL]	[Vitronectin]

70	[sCD40L]	[sIL-2Ra]	[sIL-4R]	[sRAGE]	[ANGPTL6]	[CFH]	[ECM1]	[HGF]	[CRP]	[Glucagon]	[Resistin]	[sRAGE-2]	[TRAIL]	[Vitronectin]

71	[sCD40L]	[sIL-2Ra]	[sIL-4R]	[sRAGE]	[ANGPTL6]	[CFH]	[ECM1]	[HGF]	[CRP]	[Glucagon]	[Resistin]	[sRAGE-2]	[TRAIL]	[Vitronectin]

72	[sCD40L]	[sIL-2Ra]	[sIL-4R]	[sRAGE]	[ANGPTL6]	[CFH]	[ECM1]	[HGF]	[CRP]	[Glucagon]	[Resistin]	[sRAGE-2]	[TRAIL]	[Vitronectin]

73	[sCD40L]	[sIL-2Ra]	[sIL-4R]	[sRAGE]	[ANGPTL4]	[ANGPTL6]	[CFH]	[ECM1]	[HGF]	[CRP]	[Glucagon]	[Resistin]	[sRAGE-2]	[TRAIL]	[Vitronectin]

74	[sCD40L]	[sIL-2Ra]	[sIL-4R]	[sRAGE]	[ANGPTL4]	[ANGPTL6]	[CFH]	[ECM1]	[HGF]	[CRP]	[Glucagon]	[Resistin]	[sRAGE-2]	[TRAIL]	[Vitronectin]

75	[sCD40L]	[sIL-2Ra]	[sIL-4R]	[sRAGE]	[ANGPTL6]	[CFH]	[ECM1]	[HGF]	[CRP]	[Glucagon]	[Resistin]	[sRAGE-2]	[Vitronectin]

76	[sCD40L]	[sIL-2Ra]	[sIL-4R]	[sRAGE]	[ANGPTL4]	[ANGPTL6]	[CFH]	[ECM1]	[HGF]	[CRP]	[Glucagon]	[Resistin]	[sRAGE-2]	[TRAIL]	[Vitronectin]

77	[sCD40L]	[sIL-2Ra]	[sIL-4R]	[sRAGE]	[ANGPTL6]	[CFH]	[ECM1]	[HGF]	[CRP]	[Glucagon]	[Resistin]	[sRAGE-2]	[TRAIL]	[Vitronectin]

78	[sCD40L]	[sIL-2Ra]	[sIL-4R]	[sRAGE]	[ANGPTL6]	[CFH]	[ECM1]	[HGF]	[CRP]	[Glucagon]	[Resistin]	[sRAGE-2]	[TRAIL]	[Vitronectin]

79	[sCD40L]	[sIL-2Ra]	[sIL-4R]	[sRAGE]	[ANGPTL6]	[CFH]	[ECM1]	[HGF]	[CRP]	[Glucagon]	[Resistin]	[sRAGE-2]	[TRAIL]	[Vitronectin]

80	[sCD40L]	[sIL-2Ra]	[sIL-4R]	[sRAGE]	[ANGPTL6]	[CFH]	[ECM1]	[HGF]	[CRP]	[Glucagon]	[Resistin]	[sRAGE-2]	[TRAIL]	[Vitronectin]

81	[sCD40L]	[sIL-2Ra]	[sIL-4R]	[sRAGE]	[ANGPTL6]	[CFH]	[ECM1]	[HGF]	[CRP]	[Glucagon]	[Resistin]	[sRAGE-2]	[TRAIL]	[Vitronectin]

82	[sCD40L]	[sIL-2Ra]	[sIL-4R]	[sRAGE]	[ANGPTL6]	[CFH]	[ECM1]	[HGF]	[CRP]	[Glucagon]	[Resistin]	[sRAGE-2]	[Vitronectin]

83	[sCD40L]	[sIL-2Ra]	[sIL-4R]	[sRAGE]	[AFP]	[ANGPTL4]	[ANGPTL6]	[CFH]	[ECM1]	[HGF]	[CRP]	[Glucagon]	[Resistin]	[sRAGE-2]	[TRAIL]	[Vitronectin]

84	[sCD40L]	[sIL-2Ra]	[sIL-4R]	[sRAGE]	[ANGPTL6]	[CFH]	[ECM1]	[HGF]	[CRP]	[Glucagon]	[Resistin]	[sRAGE-2]	[TRAIL]	[Vitronectin]

85	[sCD40L]	[sIL-2Ra]	[sIL-4R]	[sRAGE]	[ANGPTL6]	[CFH]	[ECM1]	[HGF]	[CRP]	[Glucagon]	[Resistin]	[sRAGE-2]	[Vitronectin]

86	[sCD40L]	[sIL-2Ra]	[sIL-4R]	[sRAGE]	[AFP]	[ANGPTL4]	[ANGPTL6]	[CFH]	[ECM1]	[HGF]	[CRP]	[Glucagon]	[Resistin]	[sRAGE-2]	[TRAIL]	[Vitronectin]

87	[sCD40L]	[sIL-2Ra]	[sIL-4R]	[sRAGE]	[ANGPTL6]	[CFH]	[ECM1]	[HGF]	[CRP]	[Glucagon]	[Resistin]	[sRAGE-2]	[Vitronectin]

88	[sCD40L]	[sIL-2Ra]	[sIL-4R]	[sRAGE]	[ANGPTL6]	[CFH]	[ECM1]	[HGF]	[CRP]	[Glucagon]	[Resistin]	[sRAGE-2]	[Vitronectin]

89	[sCD40L]	[sIL-2Ra]	[sIL-4R]	[sRAGE]	[AFP]	[ANGPTL4]	[ANGPTL6]	[CFH]	[ECM1]	[HGF]	[CRP]	[Glucagon]	[Resistin]	[sRAGE-2]	[TRAIL]	[Vitronectin]

90	[sCD40L]	[sIL-2Ra]	[sIL-4R]	[sRAGE]	[ANGPTL4]	[ANGPTL6]	[CFH]	[ECM1]	[HGF]	[CRP]	[Glucagon]	[Resistin]	[sRAGE-2]	[TRAIL]	[Vitronectin]

91	[sCD40L]	[sIL-2Ra]	[sIL-4R]	[sRAGE]	[AFP]	[ANGPTL4]	[ANGPTL6]	[CFH]	[ECM1]	[HGF]	[CRP]	[Glucagon]	[Resistin]	[sRAGE-2]	[TRAIL]	[Vitronectin]

92	[sCD40L]	[sIL-2Ra]	[sIL-4R]	[sRAGE]	[ANGPTL6]	[CFH]	[ECM1]	[HGF]	[CRP]	[Glucagon]	[Resistin]	[sRAGE-2]	[Vitronectin]

93	[sCD40L]	[sIL-2Ra]	[sIL-4R]	[sRAGE]	[ANGPTL4]	[ANGPTL6]	[CFH]	[ECM1]	[HGF]	[CRP]	[Glucagon]	[Resistin]	[sRAGE-2]	[TRAIL]	[Vitronectin]

94	[sCD40L]	[sIL-2Ra]	[sIL-4R]	[sRAGE]	[ANGPTL4]	[ANGPTL6]	[CFH]	[ECM1]	[HGF]	[CRP]	[Glucagon]	[Resistin]	[sRAGE-2]	[TRAIL]	[Vitronectin]

95	[sCD40L]	[sIL-2Ra]	[sIL-4R]	[sRAGE]	[ANGPTL6]	[CFH]	[ECM1]	[HGF]	[CRP]	[Glucagon]	[Resistin]	[sRAGE-2]	[TRAIL]	[Vitronectin]

96	[sCD40L]	[sIL-2Ra]	[sIL-4R]	[sRAGE]	[ANGPTL4]	[ANGPTL6]	[CFH]	[ECM1]	[HGF]	[CRP]	[Glucagon]	[Resistin]	[sRAGE-2]	[TRAIL]	[Vitronectin]

97	[sCD40L]	[sIL-2Ra]	[sIL-4R]	[sRAGE]	[ANGPTL6]	[CFH]	[ECM1]	[HGF]	[CRP]	[Glucagon]	[Resistin]	[sRAGE-2]	[TRAIL]	[Vitronectin]

98	[sCD40L]	[sIL-2Ra]	[sIL-4R]	[sRAGE]	[ANGPTL6]	[CFH]	[ECM1]	[HGF]	[CRP]	[Glucagon]	[Resistin]	[sRAGE-2]	[TRAIL]	[Vitronectin]

99	[sCD40L]	[sIL-2Ra]	[sIL-4R]	[sRAGE]	[ANGPTL6]	[CFH]	[ECM1]	[HGF]	[CRP]	[Glucagon]	[Resistin]	[sRAGE-2]	[TRAIL]	[Vitronectin]
