Time Step	Outliers
0	[sEGFR]	[sVEGFR2]	[sVEGFR3]	[ACTH]	[ApoA1]	[ApoE]	[GIP]	[GLP-1]	[IL-20]	[Ghrelin]	[SAA]	[sRAGE-2]
1	[sEGFR]	[sVEGFR2]	[sVEGFR3]	[ACTH]	[ApoA1]	[ApoE]	[GIP]	[GLP-1]	[IL-20]	[Ghrelin]	[SAA]	[sRAGE-2]
2	[sEGFR]	[sVEGFR2]	[sVEGFR3]	[ACTH]	[ApoA1]	[ApoE]	[GIP]	[GLP-1]	[IL-20]	[Ghrelin]	[SAA]	[sRAGE-2]
3	[sEGFR]	[sVEGFR2]	[sVEGFR3]	[ACTH]	[ApoA1]	[ApoE]	[GIP]	[GLP-1]	[IL-20]	[Ghrelin]	[SAA]	[sRAGE-2]
4	[sEGFR]	[sVEGFR2]	[sVEGFR3]	[ACTH]	[ApoA1]	[ApoE]	[GIP]	[GLP-1]	[IL-20]	[Ghrelin]	[SAA]	[sRAGE-2]
5	[sEGFR]	[sVEGFR2]	[sVEGFR3]	[ACTH]	[ApoA1]	[ApoE]	[GIP]	[GLP-1]	[IL-20]	[Ghrelin]	[SAA]	[sRAGE-2]
6	[sEGFR]	[sVEGFR2]	[sVEGFR3]	[ACTH]	[ApoA1]	[ApoE]	[GIP]	[GLP-1]	[IL-20]	[Ghrelin]	[SAA]	[sRAGE-2]
7	[sEGFR]	[sVEGFR2]	[sVEGFR3]	[ACTH]	[ApoA1]	[ApoE]	[GIP]	[GLP-1]	[IL-20]	[Ghrelin]	[SAA]	[sRAGE-2]
8	[sEGFR]	[sVEGFR2]	[sVEGFR3]	[ACTH]	[ApoA1]	[ApoE]	[GIP]	[GLP-1]	[IL-20]	[Ghrelin]	[SAA]	[sRAGE-2]
9	[sEGFR]	[sVEGFR2]	[sVEGFR3]	[ACTH]	[ApoA1]	[ApoE]	[GIP]	[GLP-1]	[IL-20]	[Ghrelin]	[SAA]	[sRAGE-2]
10	[sEGFR]	[sVEGFR2]	[sVEGFR3]	[ACTH]	[ApoA1]	[ApoE]	[GIP]	[GLP-1]	[IL-20]	[Ghrelin]	[SAA]	[sRAGE-2]
11	[sEGFR]	[sVEGFR2]	[sVEGFR3]	[ACTH]	[ApoA1]	[ApoE]	[GIP]	[GLP-1]	[IL-20]	[Ghrelin]	[SAA]	[sRAGE-2]
12	[sEGFR]	[sVEGFR2]	[sVEGFR3]	[ACTH]	[ApoA1]	[ApoE]	[GIP]	[GLP-1]	[IL-20]	[Ghrelin]	[SAA]	[sRAGE-2]
13	[sEGFR]	[sVEGFR2]	[sVEGFR3]	[ACTH]	[ApoA1]	[ApoE]	[GIP]	[GLP-1]	[IL-20]	[Ghrelin]	[SAA]	[sRAGE-2]
14	[sEGFR]	[sVEGFR2]	[sVEGFR3]	[ACTH]	[ApoA1]	[ApoE]	[GIP]	[GLP-1]	[IL-20]	[Ghrelin]	[SAA]	[sRAGE-2]
15	[sEGFR]	[sVEGFR2]	[sVEGFR3]	[ACTH]	[ApoA1]	[ApoE]	[GIP]	[GLP-1]	[IL-20]	[Ghrelin]	[SAA]	[sRAGE-2]
16	[sEGFR]	[sVEGFR2]	[sVEGFR3]	[ACTH]	[ApoA1]	[ApoE]	[GIP]	[GLP-1]	[IL-20]	[Ghrelin]	[SAA]	[sRAGE-2]
17	[sEGFR]	[sVEGFR2]	[sVEGFR3]	[ACTH]	[ApoA1]	[ApoE]	[GIP]	[GLP-1]	[IL-20]	[Ghrelin]	[SAA]	[sRAGE-2]
18	[sEGFR]	[sVEGFR2]	[sVEGFR3]	[ACTH]	[ApoA1]	[ApoE]	[GIP]	[GLP-1]	[IL-20]	[Ghrelin]	[SAA]	[sRAGE-2]
19	[sEGFR]	[sVEGFR2]	[sVEGFR3]	[ACTH]	[ApoA1]	[ApoE]	[GIP]	[GLP-1]	[IL-20]	[Ghrelin]	[SAA]	[sRAGE-2]
20	[sEGFR]	[sVEGFR2]	[sVEGFR3]	[ACTH]	[ApoA1]	[ApoE]	[GIP]	[GLP-1]	[IL-20]	[Ghrelin]	[SAA]	[sRAGE-2]
21	[sEGFR]	[sVEGFR2]	[sVEGFR3]	[ACTH]	[ApoA1]	[ApoE]	[GIP]	[GLP-1]	[IL-20]	[Ghrelin]	[SAA]	[sRAGE-2]
22	[sEGFR]	[sVEGFR2]	[sVEGFR3]	[ACTH]	[ApoA1]	[ApoE]	[GIP]	[GLP-1]	[IL-20]	[Ghrelin]	[SAA]	[sRAGE-2]
23	[sEGFR]	[sVEGFR2]	[sVEGFR3]	[ACTH]	[ApoA1]	[ApoE]	[GIP]	[GLP-1]	[IL-20]	[Ghrelin]	[SAA]	[sRAGE-2]
24	[sEGFR]	[sVEGFR2]	[sVEGFR3]	[ACTH]	[ApoA1]	[ApoE]	[GIP]	[GLP-1]	[IL-20]	[Ghrelin]	[SAA]	[sRAGE-2]
25	[sEGFR]	[sVEGFR2]	[sVEGFR3]	[ACTH]	[ApoA1]	[ApoE]	[GIP]	[GLP-1]	[IL-20]	[Ghrelin]	[SAA]	[sRAGE-2]
26	[sEGFR]	[sVEGFR2]	[sVEGFR3]	[ACTH]	[ApoA1]	[ApoE]	[GIP]	[GLP-1]	[IL-20]	[Ghrelin]	[SAA]	[sRAGE-2]
27	[sEGFR]	[sVEGFR2]	[sVEGFR3]	[ACTH]	[ApoA1]	[ApoE]	[GIP]	[GLP-1]	[IL-20]	[Ghrelin]	[SAA]	[sRAGE-2]
28	[sEGFR]	[sVEGFR2]	[sVEGFR3]	[ACTH]	[ApoA1]	[ApoE]	[GIP]	[GLP-1]	[IL-20]	[Ghrelin]	[SAA]	[sRAGE-2]
29	[sEGFR]	[sVEGFR2]	[sVEGFR3]	[ACTH]	[ApoA1]	[ApoE]	[GIP]	[GLP-1]	[IL-20]	[Ghrelin]	[SAA]	[sRAGE-2]
30	[sEGFR]	[sVEGFR2]	[sVEGFR3]	[ACTH]	[ApoA1]	[ApoE]	[GIP]	[GLP-1]	[IL-20]	[Ghrelin]	[SAA]	[sRAGE-2]
31	[sEGFR]	[sVEGFR2]	[sVEGFR3]	[ACTH]	[ApoA1]	[ApoE]	[GIP]	[GLP-1]	[IL-20]	[Ghrelin]	[SAA]	[sRAGE-2]
32	[sEGFR]	[sVEGFR2]	[sVEGFR3]	[ACTH]	[ApoA1]	[ApoE]	[GIP]	[GLP-1]	[IL-20]	[Ghrelin]	[SAA]	[sRAGE-2]
33	[sEGFR]	[sVEGFR2]	[sVEGFR3]	[ACTH]	[ApoA1]	[ApoE]	[GIP]	[GLP-1]	[IL-20]	[Ghrelin]	[SAA]	[sRAGE-2]
34	[sEGFR]	[sVEGFR2]	[sVEGFR3]	[ACTH]	[ApoA1]	[ApoE]	[GIP]	[GLP-1]	[IL-20]	[Ghrelin]	[SAA]	[sRAGE-2]
35	[sEGFR]	[sVEGFR2]	[sVEGFR3]	[ACTH]	[ApoA1]	[ApoE]	[GIP]	[GLP-1]	[IL-20]	[Ghrelin]	[SAA]	[sRAGE-2]
36	[sEGFR]	[sVEGFR2]	[sVEGFR3]	[ACTH]	[ApoA1]	[ApoE]	[GIP]	[GLP-1]	[IL-20]	[Ghrelin]	[SAA]	[sRAGE-2]
37	[sEGFR]	[sVEGFR2]	[sVEGFR3]	[ACTH]	[ApoA1]	[ApoE]	[GIP]	[GLP-1]	[IL-20]	[Ghrelin]	[SAA]	[sRAGE-2]
38	[sEGFR]	[sVEGFR2]	[sVEGFR3]	[ACTH]	[ApoA1]	[ApoE]	[GIP]	[GLP-1]	[IL-20]	[Ghrelin]	[SAA]	[sRAGE-2]
39	[sEGFR]	[sVEGFR2]	[sVEGFR3]	[ACTH]	[ApoA1]	[ApoE]	[GIP]	[GLP-1]	[IL-20]	[Ghrelin]	[SAA]	[sRAGE-2]
40	[sEGFR]	[sVEGFR2]	[sVEGFR3]	[ACTH]	[ApoA1]	[ApoE]	[GIP]	[GLP-1]	[IL-20]	[Ghrelin]	[SAA]	[sRAGE-2]
41	[sEGFR]	[sVEGFR2]	[sVEGFR3]	[ACTH]	[ApoA1]	[ApoE]	[GIP]	[GLP-1]	[IL-20]	[Ghrelin]	[SAA]	[sRAGE-2]
42	[sEGFR]	[sVEGFR2]	[sVEGFR3]	[ACTH]	[ApoA1]	[ApoE]	[GIP]	[GLP-1]	[IL-20]	[Ghrelin]	[SAA]	[sRAGE-2]
43	[sEGFR]	[sVEGFR2]	[sVEGFR3]	[ACTH]	[ApoA1]	[ApoE]	[GIP]	[GLP-1]	[IL-20]	[Ghrelin]	[SAA]	[sRAGE-2]
44	[sEGFR]	[sVEGFR2]	[sVEGFR3]	[ACTH]	[ApoA1]	[ApoE]	[GIP]	[GLP-1]	[IL-20]	[Ghrelin]	[SAA]	[sRAGE-2]
45	[sEGFR]	[sVEGFR2]	[sVEGFR3]	[ACTH]	[ApoA1]	[ApoE]	[GIP]	[GLP-1]	[IL-20]	[Ghrelin]	[SAA]	[sRAGE-2]
46	[sEGFR]	[sVEGFR2]	[sVEGFR3]	[ACTH]	[ApoA1]	[ApoE]	[GIP]	[GLP-1]	[IL-20]	[Ghrelin]	[SAA]	[sRAGE-2]
47	[sEGFR]	[sVEGFR2]	[sVEGFR3]	[ACTH]	[ApoA1]	[ApoE]	[GIP]	[GLP-1]	[IL-20]	[Ghrelin]	[SAA]	[sRAGE-2]
48	[sEGFR]	[sVEGFR2]	[sVEGFR3]	[ACTH]	[ApoA1]	[ApoE]	[GIP]	[GLP-1]	[IL-20]	[Ghrelin]	[SAA]	[sRAGE-2]
49	[sEGFR]	[sVEGFR2]	[sVEGFR3]	[ACTH]	[ApoA1]	[ApoE]	[GIP]	[GLP-1]	[IL-20]	[Ghrelin]	[SAA]	[sRAGE-2]
50	[sEGFR]	[sVEGFR2]	[sVEGFR3]	[ACTH]	[ApoA1]	[ApoE]	[GIP]	[GLP-1]	[IL-20]	[Ghrelin]	[SAA]	[sRAGE-2]
51	[sEGFR]	[sVEGFR2]	[sVEGFR3]	[ACTH]	[ApoA1]	[ApoE]	[GIP]	[GLP-1]	[IL-20]	[Ghrelin]	[SAA]	[sRAGE-2]
52	[sEGFR]	[sVEGFR2]	[sVEGFR3]	[ACTH]	[ApoA1]	[ApoE]	[GIP]	[GLP-1]	[IL-20]	[Ghrelin]	[SAA]	[sRAGE-2]
53	[sEGFR]	[sVEGFR2]	[sVEGFR3]	[ACTH]	[ApoA1]	[ApoE]	[GIP]	[GLP-1]	[IL-20]	[Ghrelin]	[SAA]	[sRAGE-2]
54	[sEGFR]	[sVEGFR2]	[sVEGFR3]	[ACTH]	[ApoA1]	[ApoE]	[GIP]	[GLP-1]	[IL-20]	[Ghrelin]	[SAA]	[sRAGE-2]
55	[sEGFR]	[sVEGFR2]	[sVEGFR3]	[ACTH]	[ApoA1]	[ApoE]	[GIP]	[GLP-1]	[IL-20]	[Ghrelin]	[SAA]	[sRAGE-2]
56	[sEGFR]	[sVEGFR2]	[sVEGFR3]	[ACTH]	[ApoA1]	[ApoE]	[GIP]	[GLP-1]	[IL-20]	[Ghrelin]	[SAA]	[sRAGE-2]
57	[sEGFR]	[sVEGFR2]	[sVEGFR3]	[ACTH]	[ApoA1]	[ApoE]	[GIP]	[GLP-1]	[IL-20]	[Ghrelin]	[SAA]	[sRAGE-2]
58	[sEGFR]	[sVEGFR2]	[sVEGFR3]	[ACTH]	[ApoA1]	[ApoE]	[GIP]	[GLP-1]	[IL-20]	[Ghrelin]	[SAA]	[sRAGE-2]
59	[sEGFR]	[sVEGFR2]	[sVEGFR3]	[ACTH]	[ApoA1]	[ApoE]	[GIP]	[GLP-1]	[IL-20]	[Ghrelin]	[SAA]	[sRAGE-2]
60	[sEGFR]	[sVEGFR2]	[sVEGFR3]	[ACTH]	[ApoA1]	[ApoE]	[GIP]	[GLP-1]	[IL-20]	[Ghrelin]	[SAA]	[sRAGE-2]
61	[sEGFR]	[sVEGFR2]	[sVEGFR3]	[ACTH]	[ApoA1]	[ApoE]	[GIP]	[GLP-1]	[IL-20]	[Ghrelin]	[SAA]	[sRAGE-2]
62	[sEGFR]	[sVEGFR2]	[sVEGFR3]	[ACTH]	[ApoA1]	[ApoE]	[GIP]	[GLP-1]	[IL-20]	[Ghrelin]	[SAA]	[sRAGE-2]
63	[sEGFR]	[sVEGFR2]	[sVEGFR3]	[ACTH]	[ApoA1]	[ApoE]	[GIP]	[GLP-1]	[IL-20]	[Ghrelin]	[SAA]	[sRAGE-2]
64	[sEGFR]	[sVEGFR2]	[sVEGFR3]	[ACTH]	[ApoA1]	[ApoE]	[GIP]	[GLP-1]	[IL-20]	[Ghrelin]	[SAA]	[sRAGE-2]
65	[sEGFR]	[sVEGFR2]	[sVEGFR3]	[ACTH]	[ApoA1]	[ApoE]	[GIP]	[GLP-1]	[IL-20]	[Ghrelin]	[SAA]	[sRAGE-2]
66	[sEGFR]	[sVEGFR2]	[sVEGFR3]	[ACTH]	[ApoA1]	[ApoE]	[GIP]	[GLP-1]	[IL-20]	[Ghrelin]	[SAA]	[sRAGE-2]
67	[sEGFR]	[sVEGFR2]	[sVEGFR3]	[ACTH]	[ApoA1]	[ApoE]	[GIP]	[GLP-1]	[IL-20]	[Ghrelin]	[SAA]	[sRAGE-2]
68	[sEGFR]	[sVEGFR2]	[sVEGFR3]	[ACTH]	[ApoA1]	[ApoE]	[GIP]	[GLP-1]	[IL-20]	[Ghrelin]	[SAA]	[sRAGE-2]
69	[sEGFR]	[sVEGFR2]	[sVEGFR3]	[ACTH]	[ApoA1]	[ApoE]	[GIP]	[GLP-1]	[IL-20]	[Ghrelin]	[SAA]	[sRAGE-2]
70	[sEGFR]	[sVEGFR2]	[sVEGFR3]	[ACTH]	[ApoA1]	[ApoE]	[GIP]	[GLP-1]	[IL-20]	[Ghrelin]	[SAA]	[sRAGE-2]
71	[sEGFR]	[sVEGFR2]	[sVEGFR3]	[ACTH]	[ApoA1]	[ApoE]	[GIP]	[GLP-1]	[IL-20]	[Ghrelin]	[SAA]	[sRAGE-2]
72	[sEGFR]	[sVEGFR2]	[sVEGFR3]	[ACTH]	[ApoA1]	[ApoE]	[GIP]	[GLP-1]	[IL-20]	[Ghrelin]	[SAA]	[sRAGE-2]
73	[sEGFR]	[sVEGFR2]	[sVEGFR3]	[ACTH]	[ApoA1]	[ApoE]	[GIP]	[GLP-1]	[IL-20]	[Ghrelin]	[SAA]	[sRAGE-2]
74	[sEGFR]	[sVEGFR2]	[sVEGFR3]	[ACTH]	[ApoA1]	[ApoE]	[GIP]	[GLP-1]	[IL-20]	[Ghrelin]	[SAA]	[sRAGE-2]
75	[sEGFR]	[sVEGFR2]	[sVEGFR3]	[ACTH]	[ApoA1]	[ApoE]	[GIP]	[GLP-1]	[IL-20]	[Ghrelin]	[SAA]	[sRAGE-2]
76	[sEGFR]	[sVEGFR2]	[sVEGFR3]	[ACTH]	[ApoA1]	[ApoE]	[GIP]	[GLP-1]	[IL-20]	[Ghrelin]	[SAA]	[sRAGE-2]
77	[sEGFR]	[sVEGFR2]	[sVEGFR3]	[ACTH]	[ApoA1]	[ApoE]	[GIP]	[GLP-1]	[IL-20]	[Ghrelin]	[SAA]	[sRAGE-2]
78	[sEGFR]	[sVEGFR2]	[sVEGFR3]	[ACTH]	[ApoA1]	[ApoE]	[GIP]	[GLP-1]	[IL-20]	[Ghrelin]	[SAA]	[sRAGE-2]
79	[sEGFR]	[sVEGFR2]	[sVEGFR3]	[ACTH]	[ApoA1]	[ApoE]	[GIP]	[GLP-1]	[IL-20]	[Ghrelin]	[SAA]	[sRAGE-2]
80	[sEGFR]	[sVEGFR2]	[sVEGFR3]	[ACTH]	[ApoA1]	[ApoE]	[GIP]	[GLP-1]	[IL-20]	[Ghrelin]	[SAA]	[sRAGE-2]
81	[sEGFR]	[sVEGFR2]	[sVEGFR3]	[ACTH]	[ApoA1]	[ApoE]	[GIP]	[GLP-1]	[IL-20]	[Ghrelin]	[SAA]	[sRAGE-2]
82	[sEGFR]	[sVEGFR2]	[sVEGFR3]	[ACTH]	[ApoA1]	[ApoE]	[GIP]	[GLP-1]	[IL-20]	[Ghrelin]	[SAA]	[sRAGE-2]
83	[sEGFR]	[sVEGFR2]	[sVEGFR3]	[ACTH]	[ApoA1]	[ApoE]	[GIP]	[GLP-1]	[IL-20]	[Ghrelin]	[SAA]	[sRAGE-2]
84	[sEGFR]	[sVEGFR2]	[sVEGFR3]	[ACTH]	[ApoA1]	[ApoE]	[GIP]	[GLP-1]	[IL-20]	[Ghrelin]	[SAA]	[sRAGE-2]
85	[sEGFR]	[sVEGFR2]	[sVEGFR3]	[ACTH]	[ApoA1]	[ApoE]	[GIP]	[GLP-1]	[IL-20]	[Ghrelin]	[SAA]	[sRAGE-2]
86	[sEGFR]	[sVEGFR2]	[sVEGFR3]	[ACTH]	[ApoA1]	[ApoE]	[GIP]	[GLP-1]	[IL-20]	[Ghrelin]	[SAA]	[sRAGE-2]
87	[sEGFR]	[sVEGFR2]	[sVEGFR3]	[ACTH]	[ApoA1]	[ApoE]	[GIP]	[GLP-1]	[IL-20]	[Ghrelin]	[SAA]	[sRAGE-2]
88	[sEGFR]	[sVEGFR2]	[sVEGFR3]	[ACTH]	[ApoA1]	[ApoE]	[GIP]	[GLP-1]	[IL-20]	[Ghrelin]	[SAA]	[sRAGE-2]
89	[sEGFR]	[sVEGFR2]	[sVEGFR3]	[ACTH]	[ApoA1]	[ApoE]	[GIP]	[GLP-1]	[IL-20]	[Ghrelin]	[SAA]	[sRAGE-2]
90	[sEGFR]	[sVEGFR2]	[sVEGFR3]	[ACTH]	[ApoA1]	[ApoE]	[GIP]	[GLP-1]	[IL-20]	[Ghrelin]	[SAA]	[sRAGE-2]
91	[sEGFR]	[sVEGFR2]	[sVEGFR3]	[ACTH]	[ApoA1]	[ApoE]	[GIP]	[GLP-1]	[IL-20]	[Ghrelin]	[SAA]	[sRAGE-2]
92	[sEGFR]	[sVEGFR2]	[sVEGFR3]	[ACTH]	[ApoA1]	[ApoE]	[GIP]	[GLP-1]	[IL-20]	[Ghrelin]	[SAA]	[sRAGE-2]
93	[sEGFR]	[sVEGFR2]	[sVEGFR3]	[ACTH]	[ApoA1]	[ApoE]	[GIP]	[GLP-1]	[IL-20]	[Ghrelin]	[SAA]	[sRAGE-2]
94	[sEGFR]	[sVEGFR2]	[sVEGFR3]	[ACTH]	[ApoA1]	[ApoE]	[GIP]	[GLP-1]	[IL-20]	[Ghrelin]	[SAA]	[sRAGE-2]
95	[sEGFR]	[sVEGFR2]	[sVEGFR3]	[ACTH]	[ApoA1]	[ApoE]	[GIP]	[GLP-1]	[IL-20]	[Ghrelin]	[SAA]	[sRAGE-2]
96	[sEGFR]	[sVEGFR2]	[sVEGFR3]	[ACTH]	[ApoA1]	[ApoE]	[GIP]	[GLP-1]	[IL-20]	[Ghrelin]	[SAA]	[sRAGE-2]
97	[sEGFR]	[sVEGFR2]	[sVEGFR3]	[ACTH]	[ApoA1]	[ApoE]	[GIP]	[GLP-1]	[IL-20]	[Ghrelin]	[SAA]	[sRAGE-2]
98	[sEGFR]	[sVEGFR2]	[sVEGFR3]	[ACTH]	[ApoA1]	[ApoE]	[GIP]	[GLP-1]	[IL-20]	[Ghrelin]	[SAA]	[sRAGE-2]
99	[sEGFR]	[sVEGFR2]	[sVEGFR3]	[ACTH]	[ApoA1]	[ApoE]	[GIP]	[GLP-1]	[IL-20]	[Ghrelin]	[SAA]	[sRAGE-2]